customer_id,name,email,city,region,customer_segment
C001,Arjun Sharma,customer001@example.com,Bhubaneswar,East,Silver
C002,Vikram Singh,customer002@example.com,Bhubaneswar,East,Silver
C003,Divya Reddy,customer003@example.com,Lucknow,North,Silver
C004,Aarav Reddy,customer004@example.com,Chennai,South,Silver
C005,Aishwarya Sharma,customer005@example.com,Jaipur,North,Silver
C006,Divya Kapoor,customer006@example.com,Chennai,South,Silver
C007,Sanjay Sharma,customer007@example.com,Ahmedabad,West,Gold
C008,Ananya Menon,customer008@example.com,Ahmedabad,West,Silver
C009,Ananya Patel,customer009@example.com,Pune,West,Silver
C010,Priya Desai,customer010@example.com,Lucknow,North,Silver
C011,Vivaan Mehta,customer011@example.com,Jaipur,North,Silver
C012,Meera Reddy,customer012@example.com,Jaipur,North,Silver
C013,Aishwarya Desai,customer013@example.com,Lucknow,North,Silver
C014,Aditya Kumar,customer014@example.com,Kolkata,East,Silver
C015,Nikhil Reddy,customer015@example.com,Chennai,South,Platinum
C016,Meera Menon,customer016@example.com,Delhi,North,Gold
C017,Priya Gupta,customer017@example.com,Hyderabad,South,Silver
C018,Sanjay Reddy,customer018@example.com,Lucknow,North,Gold
C019,Divya Nair,customer019@example.com,Ahmedabad,West,Silver
C020,Sanjay Malhotra,customer020@example.com,Chennai,South,Gold
C021,Vivaan Nair,customer021@example.com,Mumbai,West,Gold
C022,Meera Menon,customer022@example.com,Pune,West,Silver
C023,Neha Verma,customer023@example.com,Chennai,South,Gold
C024,Meera Mehta,customer024@example.com,Ahmedabad,West,Silver
C025,Vikram Malhotra,customer025@example.com,Jaipur,North,Silver
C026,Neha Kapoor,customer026@example.com,Lucknow,North,Silver
C027,Vikram Singh,customer027@example.com,Jaipur,North,Silver
C028,Vivaan Patel,customer028@example.com,Ahmedabad,West,Gold
C029,Isha Chopra,customer029@example.com,Pune,West,Silver
C030,Aishwarya Mehta,customer030@example.com,Jaipur,North,Silver
C031,Divya Sharma,customer031@example.com,Kolkata,East,Gold
C032,Divya Menon,customer032@example.com,Kolkata,East,Silver
C033,Nikhil Kapoor,customer033@example.com,Ahmedabad,West,Silver
C034,Sanjay Das,customer034@example.com,Ahmedabad,West,Silver
C035,Arjun Rao,customer035@example.com,Kolkata,East,Silver
C036,Karthik Singh,customer036@example.com,Hyderabad,South,Gold
C037,Divya Das,customer037@example.com,Mumbai,West,Gold
C038,Sneha Sharma,customer038@example.com,Pune,West,Platinum
C039,Nikhil Nair,customer039@example.com,Mumbai,West,Silver
C040,Neha Reddy,customer040@example.com,Pune,West,Gold
C041,Aditya Malhotra,customer041@example.com,Ahmedabad,West,Silver
C042,Sneha Malhotra,customer042@example.com,Ahmedabad,West,Silver
C043,Aishwarya Kapoor,customer043@example.com,Chennai,South,Platinum
C044,Karthik Rao,customer044@example.com,Kochi,South,Platinum
C045,Priya Mehta,customer045@example.com,Jaipur,North,Silver
C046,Vikram Nair,customer046@example.com,Pune,West,Silver
C047,Neha Malhotra,customer047@example.com,Chennai,South,Gold
C048,Aarav Reddy,customer048@example.com,Bhubaneswar,East,Gold
C049,Vikram Reddy,customer049@example.com,Mumbai,West,Platinum
C050,Aditya Das,customer050@example.com,Chennai,South,Silver
C051,Sneha Iyer,customer051@example.com,Jaipur,North,Silver
C052,Neha Bose,customer052@example.com,Delhi,North,Silver
C053,Sneha Kapoor,customer053@example.com,Chennai,South,Silver
C054,Isha Desai,customer054@example.com,Kochi,South,Silver
C055,Vivaan Patel,customer055@example.com,Mumbai,West,Silver
C056,Ananya Patel,customer056@example.com,Chennai,South,Silver
C057,Divya Mehta,customer057@example.com,Ahmedabad,West,Silver
C058,Sanjay Mehta,customer058@example.com,Chennai,South,Platinum
C059,Aditya Mehta,customer059@example.com,Jaipur,North,Silver
C060,Divya Sharma,customer060@example.com,Pune,West,Platinum
C061,Vikram Gupta,customer061@example.com,Kochi,South,Silver
C062,Karthik Joshi,customer062@example.com,Mumbai,West,Silver
C063,Aarav Joshi,customer063@example.com,Bengaluru,South,Platinum
C064,Kavya Rao,customer064@example.com,Kochi,South,Gold
C065,Divya Pillai,customer065@example.com,Ahmedabad,West,Silver
C066,Karthik Kumar,customer066@example.com,Lucknow,North,Gold
C067,Vivaan Verma,customer067@example.com,Mumbai,West,Silver
C068,Sneha Das,customer068@example.com,Jaipur,North,Silver
C069,Pooja Reddy,customer069@example.com,Ahmedabad,West,Silver
C070,Aditya Nair,customer070@example.com,Kochi,South,Silver
C071,Neha Nair,customer071@example.com,Lucknow,North,Gold
C072,Aishwarya Reddy,customer072@example.com,Kochi,South,Gold
C073,Neha Das,customer073@example.com,Hyderabad,South,Platinum
C074,Karthik Verma,customer074@example.com,Chennai,South,Silver
C075,Rohan Rao,customer075@example.com,Delhi,North,Silver
C076,Aditya Sharma,customer076@example.com,Delhi,North,Gold
C077,Neha Patel,customer077@example.com,Pune,West,Silver
C078,Pooja Menon,customer078@example.com,Ahmedabad,West,Platinum
C079,Aditya Nair,customer079@example.com,Hyderabad,South,Silver
C080,Kavya Malhotra,customer080@example.com,Bhubaneswar,East,Silver
C081,Pooja Sharma,customer081@example.com,Kolkata,East,Gold
C082,Nikhil Patel,customer082@example.com,Ahmedabad,West,Silver
C083,Arjun Malhotra,customer083@example.com,Ahmedabad,West,Silver
C084,Aishwarya Iyer,customer084@example.com,Bhubaneswar,East,Silver
C085,Sanjay Das,customer085@example.com,Delhi,North,Silver
C086,Vivaan Reddy,customer086@example.com,Kolkata,East,Silver
C087,Sanjay Kumar,customer087@example.com,Mumbai,West,Silver
C088,Rohan Menon,customer088@example.com,Ahmedabad,West,Gold
C089,Divya Kapoor,customer089@example.com,Jaipur,North,Silver
C090,Aditya Singh,customer090@example.com,Jaipur,North,Silver
C091,Priya Bose,customer091@example.com,Jaipur,North,Silver
C092,Rohan Kumar,customer092@example.com,Bengaluru,South,Silver
C093,Vivaan Desai,customer093@example.com,Chennai,South,Gold
C094,Arjun Desai,customer094@example.com,Jaipur,North,Platinum
C095,Isha Chopra,customer095@example.com,Bhubaneswar,East,Silver
C096,Vikram Gupta,customer096@example.com,Ahmedabad,West,Platinum
C097,Aarav Gupta,customer097@example.com,Bhubaneswar,East,Platinum
C098,Isha Nair,customer098@example.com,Bengaluru,South,Silver
C099,Arjun Joshi,customer099@example.com,Mumbai,West,Platinum
C100,Vikram Iyer,customer100@example.com,Delhi,North,Silver
