order_id,customer_id,order_date,status,total_amount
O00001,C025,2026-04-18,Completed,74890
O00002,C001,2026-03-19,Completed,74491
O00003,C028,2026-05-11,Completed,8995
O00004,C085,2026-06-12,Completed,29999
O00005,C087,2026-03-21,Completed,24998
O00006,C061,2026-06-06,Cancelled,29998
O00007,C081,2026-05-28,Completed,115492
O00008,C100,2026-04-19,Completed,53092
O00009,C068,2026-05-24,Completed,129991
O00010,C061,2026-04-26,Completed,47495
O00011,C081,2026-03-03,Completed,6998
O00012,C031,2026-03-11,Completed,11999
O00013,C030,2026-04-09,Completed,39996
O00014,C070,2026-04-30,Completed,36894
O00015,C003,2026-08-08,Cancelled,35890
O00016,C095,2026-05-20,Completed,75996
O00017,C063,2026-01-08,Completed,71991
O00018,C076,2026-05-25,Completed,15998
O00019,C018,2026-08-10,Completed,12998
O00020,C042,2026-02-24,Completed,82595
O00021,C061,2026-01-05,Completed,799
O00022,C084,2026-01-18,Completed,29999
O00023,C032,2026-02-21,Cancelled,50995
O00024,C015,2026-05-25,Returned,43290
O00025,C092,2026-01-30,Completed,13496
O00026,C040,2026-05-28,Completed,106490
O00027,C014,2026-06-28,Completed,1299
O00028,C045,2026-05-17,Completed,42995
O00029,C063,2026-01-28,Completed,35996
O00030,C094,2026-05-14,Returned,41794
O00031,C094,2026-06-01,Completed,23997
O00032,C097,2026-04-29,Completed,56994
O00033,C034,2026-03-29,Completed,20597
O00034,C093,2026-04-15,Completed,80994
O00035,C063,2026-04-25,Completed,3999
O00036,C052,2026-06-27,Completed,61193
O00037,C071,2026-03-26,Completed,63993
O00038,C016,2026-07-10,Completed,82995
O00039,C036,2026-07-05,Completed,53996
O00040,C039,2026-01-04,Completed,27496
O00041,C038,2026-06-28,Returned,32592
O00042,C024,2026-01-14,Completed,120490
O00043,C007,2026-02-08,Completed,31492
O00044,C077,2026-07-22,Completed,65991
O00045,C079,2026-07-09,Completed,30495
O00046,C011,2026-02-10,Completed,2999
O00047,C053,2026-04-26,Completed,48992
O00048,C088,2026-03-01,Returned,51496
O00049,C083,2026-02-08,Cancelled,34997
O00050,C077,2026-07-11,Cancelled,90992
O00051,C052,2026-08-30,Completed,73490
O00052,C033,2026-01-07,Completed,89997
O00053,C035,2026-05-28,Completed,51995
O00054,C036,2026-02-16,Returned,70992
O00055,C086,2026-01-27,Cancelled,124993
O00056,C098,2026-05-21,Completed,8998
O00057,C042,2026-01-30,Returned,30494
O00058,C067,2026-04-03,Completed,131493
O00059,C037,2026-04-23,Cancelled,60993
O00060,C071,2026-01-04,Completed,14999
O00061,C060,2026-08-31,Completed,56495
O00062,C091,2026-03-11,Completed,42793
O00063,C066,2026-07-11,Cancelled,39998
O00064,C044,2026-08-28,Completed,45992
O00065,C085,2026-05-06,Cancelled,50590
O00066,C042,2026-08-11,Completed,3897
O00067,C006,2026-03-23,Completed,66093
O00068,C076,2026-03-26,Cancelled,76991
O00069,C020,2026-01-20,Completed,97994
O00070,C043,2026-08-07,Completed,109991
O00071,C009,2026-03-02,Completed,41494
O00072,C091,2026-08-12,Completed,21498
O00073,C042,2026-07-23,Completed,84694
O00074,C073,2026-06-24,Completed,9395
O00075,C080,2026-06-24,Completed,74995
O00076,C059,2026-03-07,Completed,17192
O00077,C039,2026-06-13,Returned,56995
O00078,C031,2026-04-08,Completed,78993
O00079,C002,2026-05-25,Cancelled,50997
O00080,C064,2026-08-02,Cancelled,67794
O00081,C025,2026-06-08,Completed,25494
O00082,C006,2026-03-21,Completed,10998
O00083,C094,2026-02-03,Completed,20997
O00084,C070,2026-08-13,Returned,41493
O00085,C015,2026-04-30,Returned,134994
O00086,C087,2026-04-12,Returned,29994
O00087,C059,2026-04-05,Completed,19794
O00088,C030,2026-05-01,Completed,79994
O00089,C090,2026-03-19,Completed,11999
O00090,C005,2026-03-19,Returned,5999
O00091,C069,2026-02-04,Completed,72492
O00092,C096,2026-07-06,Completed,107992
O00093,C048,2026-02-25,Completed,14095
O00094,C070,2026-08-19,Returned,59996
O00095,C012,2026-06-19,Completed,25998
O00096,C032,2026-02-02,Completed,56996
O00097,C076,2026-02-25,Completed,13696
O00098,C001,2026-03-12,Cancelled,24997
O00099,C015,2026-06-19,Cancelled,7396
O00100,C042,2026-01-05,Completed,35997
O00101,C054,2026-05-15,Completed,15998
O00102,C100,2026-04-03,Completed,38997
O00103,C029,2026-08-31,Completed,44995
O00104,C055,2026-06-25,Completed,49495
O00105,C080,2026-06-12,Completed,78593
O00106,C078,2026-04-21,Completed,23997
O00107,C099,2026-05-22,Completed,41997
O00108,C044,2026-07-31,Completed,74991
O00109,C020,2026-06-25,Returned,1999
O00110,C012,2026-04-21,Completed,79791
O00111,C043,2026-06-21,Completed,66494
O00112,C077,2026-03-21,Completed,37497
O00113,C014,2026-03-31,Cancelled,80494
O00114,C072,2026-07-16,Completed,50997
O00115,C089,2026-03-10,Completed,100495
O00116,C024,2026-08-11,Completed,50992
O00117,C028,2026-04-07,Completed,17892
O00118,C077,2026-01-22,Cancelled,38996
O00119,C087,2026-01-21,Completed,112993
O00120,C045,2026-04-21,Completed,26993
O00121,C001,2026-02-22,Completed,25796
O00122,C042,2026-01-31,Completed,24290
O00123,C086,2026-07-26,Completed,66492
O00124,C055,2026-05-27,Completed,46492
O00125,C089,2026-08-24,Completed,61492
O00126,C040,2026-07-10,Completed,20693
O00127,C068,2026-05-11,Completed,16797
O00128,C019,2026-03-07,Completed,37998
O00129,C099,2026-06-10,Completed,34890
O00130,C020,2026-04-23,Completed,72993
O00131,C040,2026-04-29,Completed,1398
O00132,C010,2026-06-15,Cancelled,56997
O00133,C065,2026-04-09,Completed,38997
O00134,C084,2026-02-18,Completed,96993
O00135,C065,2026-06-15,Completed,45995
O00136,C067,2026-06-06,Completed,44892
O00137,C007,2026-07-22,Completed,71992
O00138,C037,2026-03-06,Completed,38994
O00139,C019,2026-08-23,Completed,87990
O00140,C043,2026-07-28,Completed,23997
O00141,C055,2026-05-11,Completed,17095
O00142,C029,2026-02-05,Completed,47691
O00143,C005,2026-06-19,Completed,18298
O00144,C024,2026-08-01,Completed,33997
O00145,C047,2026-06-23,Completed,137493
O00146,C040,2026-07-27,Completed,4295
O00147,C060,2026-07-16,Completed,67993
O00148,C007,2026-06-14,Completed,17794
O00149,C011,2026-07-15,Completed,78994
O00150,C054,2026-01-14,Completed,18296
O00151,C041,2026-08-27,Completed,67493
O00152,C018,2026-07-14,Completed,65993
O00153,C094,2026-06-05,Completed,1798
O00154,C031,2026-03-19,Completed,37995
O00155,C009,2026-01-29,Cancelled,68490
O00156,C019,2026-03-16,Completed,44393
O00157,C011,2026-05-15,Returned,41997
O00158,C065,2026-07-21,Returned,2598
O00159,C006,2026-06-12,Completed,32495
O00160,C031,2026-07-07,Completed,2697
O00161,C095,2026-07-13,Completed,2397
O00162,C044,2026-07-28,Completed,38093
O00163,C005,2026-03-17,Completed,18495
O00164,C051,2026-07-28,Completed,78495
O00165,C100,2026-01-13,Cancelled,49093
O00166,C057,2026-08-18,Returned,106593
O00167,C035,2026-07-25,Completed,73792
O00168,C011,2026-03-25,Completed,53494
O00169,C057,2026-03-31,Completed,92995
O00170,C086,2026-06-13,Completed,74994
O00171,C057,2026-01-09,Completed,17796
O00172,C050,2026-05-26,Completed,28196
O00173,C057,2026-07-15,Completed,29396
O00174,C084,2026-03-13,Completed,20997
O00175,C024,2026-05-08,Completed,12998
O00176,C091,2026-04-25,Completed,63997
O00177,C058,2026-02-14,Cancelled,16291
O00178,C070,2026-03-16,Cancelled,29496
O00179,C047,2026-05-11,Completed,31497
O00180,C047,2026-05-22,Completed,69592
O00181,C093,2026-05-03,Completed,45892
O00182,C088,2026-05-13,Completed,37795
O00183,C008,2026-08-01,Completed,8497
O00184,C091,2026-02-27,Completed,69492
O00185,C017,2026-06-10,Completed,26997
O00186,C022,2026-06-01,Returned,13494
O00187,C078,2026-03-28,Cancelled,6999
O00188,C006,2026-08-31,Completed,43692
O00189,C082,2026-01-08,Completed,31494
O00190,C039,2026-04-27,Completed,5998
O00191,C054,2026-05-04,Completed,100492
O00192,C045,2026-04-13,Completed,31595
O00193,C016,2026-03-10,Completed,37996
O00194,C079,2026-04-18,Completed,16095
O00195,C025,2026-07-15,Completed,69492
O00196,C028,2026-05-30,Completed,7998
O00197,C077,2026-08-14,Cancelled,36992
O00198,C047,2026-07-15,Completed,6999
O00199,C073,2026-05-24,Completed,39893
O00200,C080,2026-06-24,Completed,25996
O00201,C072,2026-08-29,Completed,99995
O00202,C065,2026-01-11,Completed,39995
O00203,C059,2026-02-08,Completed,27997
O00204,C051,2026-06-07,Completed,67492
O00205,C091,2026-05-25,Completed,1398
O00206,C087,2026-01-29,Returned,69994
O00207,C034,2026-06-17,Completed,49995
O00208,C022,2026-05-15,Completed,67292
O00209,C003,2026-04-23,Completed,48997
O00210,C065,2026-07-18,Completed,52992
O00211,C042,2026-06-19,Completed,47390
O00212,C099,2026-08-11,Completed,100994
O00213,C039,2026-02-27,Returned,23393
O00214,C063,2026-03-23,Completed,25092
O00215,C051,2026-07-29,Completed,15495
O00216,C011,2026-03-30,Returned,46494
O00217,C072,2026-06-28,Completed,56997
O00218,C076,2026-03-03,Completed,17498
O00219,C053,2026-03-26,Completed,1099
O00220,C001,2026-05-21,Returned,37996
O00221,C084,2026-02-21,Completed,32495
O00222,C074,2026-03-01,Completed,3598
O00223,C023,2026-08-28,Cancelled,47793
O00224,C078,2026-01-28,Returned,72992
O00225,C018,2026-08-06,Completed,54494
O00226,C083,2026-03-07,Completed,10998
O00227,C038,2026-05-26,Completed,43395
O00228,C055,2026-05-12,Completed,28794
O00229,C034,2026-04-09,Completed,45993
O00230,C034,2026-06-17,Completed,15997
O00231,C040,2026-02-10,Completed,52493
O00232,C029,2026-02-26,Returned,133490
O00233,C061,2026-07-13,Completed,112494
O00234,C011,2026-05-15,Completed,23393
O00235,C026,2026-05-27,Completed,22997
O00236,C088,2026-02-22,Completed,77992
O00237,C059,2026-05-25,Completed,36192
O00238,C028,2026-05-29,Completed,38795
O00239,C037,2026-04-15,Completed,26694
O00240,C054,2026-04-06,Returned,48190
O00241,C045,2026-01-31,Completed,71994
O00242,C087,2026-07-04,Completed,47393
O00243,C098,2026-01-29,Completed,49394
O00244,C005,2026-04-25,Completed,22497
O00245,C006,2026-04-13,Completed,30898
O00246,C065,2026-03-16,Completed,38794
O00247,C039,2026-08-13,Completed,24497
O00248,C072,2026-08-31,Completed,8295
O00249,C064,2026-01-13,Returned,92493
O00250,C024,2026-07-13,Completed,47496
O00251,C060,2026-08-23,Completed,63594
O00252,C043,2026-06-15,Completed,20694
O00253,C087,2026-06-04,Completed,65997
O00254,C093,2026-06-21,Completed,31994
O00255,C096,2026-07-13,Completed,73996
O00256,C051,2026-08-23,Completed,17692
O00257,C046,2026-03-20,Completed,67993
O00258,C053,2026-01-12,Completed,41497
O00259,C071,2026-08-28,Completed,116993
O00260,C064,2026-05-21,Completed,178491
O00261,C063,2026-04-28,Completed,40994
O00262,C070,2026-06-14,Returned,26997
O00263,C007,2026-07-15,Completed,47496
O00264,C020,2026-01-03,Completed,86589
O00265,C063,2026-01-05,Completed,66992
O00266,C065,2026-07-28,Completed,103792
O00267,C033,2026-07-28,Completed,42692
O00268,C039,2026-06-25,Cancelled,23997
O00269,C098,2026-01-09,Completed,42492
O00270,C011,2026-05-08,Cancelled,21297
O00271,C089,2026-08-16,Completed,35292
O00272,C085,2026-01-09,Completed,43494
O00273,C010,2026-03-18,Completed,7794
O00274,C043,2026-04-09,Completed,42996
O00275,C096,2026-03-30,Completed,127990
O00276,C004,2026-06-12,Completed,81592
O00277,C075,2026-06-19,Completed,23496
O00278,C049,2026-07-02,Completed,13596
O00279,C014,2026-01-24,Completed,56696
O00280,C012,2026-02-17,Completed,33390
O00281,C042,2026-08-10,Completed,17593
O00282,C032,2026-05-27,Completed,52494
O00283,C022,2026-04-22,Completed,27094
O00284,C081,2026-05-07,Completed,26997
O00285,C001,2026-08-31,Completed,93992
O00286,C078,2026-08-31,Completed,47889
O00287,C074,2026-07-20,Completed,79590
O00288,C024,2026-06-24,Completed,15998
O00289,C091,2026-02-23,Completed,85994
O00290,C082,2026-03-19,Completed,22997
O00291,C058,2026-06-03,Completed,82991
O00292,C069,2026-06-02,Completed,5999
O00293,C085,2026-06-20,Completed,3897
O00294,C087,2026-06-15,Completed,32996
O00295,C066,2026-07-11,Completed,27396
O00296,C099,2026-06-23,Completed,8597
O00297,C038,2026-04-17,Returned,10497
O00298,C019,2026-03-31,Completed,49392
O00299,C090,2026-04-26,Completed,19994
O00300,C014,2026-06-23,Completed,43796
O00301,C043,2026-05-24,Completed,47091
O00302,C051,2026-01-08,Completed,36996
O00303,C001,2026-06-30,Completed,120493
O00304,C024,2026-04-04,Completed,101989
O00305,C050,2026-06-06,Completed,1598
O00306,C059,2026-06-08,Completed,66494
O00307,C016,2026-03-03,Completed,57696
O00308,C050,2026-04-18,Completed,124890
O00309,C072,2026-02-12,Completed,17095
O00310,C007,2026-08-10,Completed,22999
O00311,C025,2026-07-28,Completed,50694
O00312,C073,2026-01-08,Completed,10497
O00313,C069,2026-03-15,Completed,90290
O00314,C015,2026-03-10,Completed,70492
O00315,C028,2026-04-19,Completed,9996
O00316,C045,2026-08-09,Completed,52689
O00317,C091,2026-06-06,Completed,30998
O00318,C008,2026-05-26,Completed,42993
O00319,C038,2026-05-27,Completed,23998
O00320,C008,2026-03-12,Cancelled,30998
O00321,C092,2026-03-24,Cancelled,107591
O00322,C058,2026-01-20,Completed,20997
O00323,C096,2026-03-13,Completed,81493
O00324,C012,2026-07-07,Returned,17996
O00325,C064,2026-03-10,Completed,18394
O00326,C044,2026-08-17,Completed,2499
O00327,C081,2026-07-20,Cancelled,3499
O00328,C057,2026-04-27,Completed,94994
O00329,C084,2026-04-03,Completed,26494
O00330,C040,2026-07-05,Completed,39996
O00331,C013,2026-01-01,Completed,35997
O00332,C029,2026-05-13,Completed,14997
O00333,C044,2026-07-29,Completed,77993
O00334,C014,2026-01-27,Completed,18593
O00335,C019,2026-01-18,Completed,56997
O00336,C022,2026-04-23,Completed,13497
O00337,C079,2026-06-25,Completed,7998
O00338,C076,2026-07-06,Completed,92992
O00339,C077,2026-06-03,Completed,47694
O00340,C067,2026-06-05,Completed,44494
O00341,C064,2026-06-13,Completed,1398
O00342,C017,2026-04-10,Cancelled,8893
O00343,C009,2026-01-04,Completed,25998
O00344,C065,2026-03-15,Completed,131988
O00345,C020,2026-03-13,Completed,8999
O00346,C020,2026-05-18,Completed,7497
O00347,C056,2026-07-06,Returned,27997
O00348,C015,2026-04-27,Completed,7497
O00349,C095,2026-06-18,Completed,14997
O00350,C018,2026-06-29,Completed,56293
O00351,C100,2026-08-12,Completed,899
O00352,C043,2026-07-26,Completed,19497
O00353,C074,2026-06-10,Completed,76693
O00354,C033,2026-07-17,Completed,44997
O00355,C066,2026-01-01,Completed,7499
O00356,C061,2026-04-04,Completed,12894
O00357,C095,2026-06-17,Completed,44995
O00358,C074,2026-04-06,Completed,1799
O00359,C067,2026-01-12,Returned,29998
O00360,C100,2026-08-05,Completed,3198
O00361,C002,2026-04-05,Completed,71493
O00362,C064,2026-07-17,Completed,40997
O00363,C030,2026-05-19,Completed,10999
O00364,C098,2026-06-18,Completed,50995
O00365,C008,2026-02-06,Completed,2499
O00366,C067,2026-04-16,Completed,56493
O00367,C018,2026-06-13,Completed,16497
O00368,C008,2026-04-22,Completed,22996
O00369,C051,2026-06-29,Cancelled,37497
O00370,C018,2026-07-19,Completed,17999
O00371,C022,2026-04-26,Completed,8893
O00372,C034,2026-08-07,Completed,10794
O00373,C078,2026-01-11,Completed,28995
O00374,C066,2026-01-13,Completed,45592
O00375,C071,2026-03-05,Completed,11999
O00376,C002,2026-01-16,Cancelled,67996
O00377,C088,2026-06-11,Returned,16497
O00378,C034,2026-08-23,Completed,8999
O00379,C083,2026-04-24,Completed,10999
O00380,C006,2026-08-30,Completed,35895
O00381,C064,2026-01-08,Completed,33694
O00382,C079,2026-06-08,Completed,58596
O00383,C036,2026-04-09,Completed,49996
O00384,C070,2026-07-23,Completed,35590
O00385,C042,2026-04-10,Completed,13497
O00386,C029,2026-01-08,Cancelled,63994
O00387,C021,2026-01-26,Completed,60996
O00388,C098,2026-08-31,Completed,40490
O00389,C076,2026-01-08,Completed,100593
O00390,C023,2026-05-06,Completed,44997
O00391,C029,2026-01-06,Completed,32997
O00392,C026,2026-07-26,Completed,17498
O00393,C076,2026-06-30,Cancelled,27998
O00394,C010,2026-04-06,Completed,35493
O00395,C056,2026-07-22,Completed,49889
O00396,C029,2026-06-20,Completed,11394
O00397,C038,2026-02-02,Completed,56997
O00398,C051,2026-08-06,Returned,5397
O00399,C041,2026-08-24,Completed,5097
O00400,C019,2026-03-26,Completed,14296
O00401,C012,2026-07-30,Completed,37495
O00402,C009,2026-03-31,Completed,7999
O00403,C007,2026-04-09,Completed,86292
O00404,C062,2026-07-21,Cancelled,15998
O00405,C038,2026-01-06,Completed,17998
O00406,C022,2026-08-16,Completed,1599
O00407,C044,2026-06-02,Returned,64493
O00408,C007,2026-01-26,Completed,89994
O00409,C094,2026-05-19,Completed,35494
O00410,C071,2026-08-04,Completed,699
O00411,C055,2026-01-23,Completed,62493
O00412,C061,2026-08-05,Completed,94491
O00413,C024,2026-04-05,Cancelled,34594
O00414,C034,2026-02-27,Cancelled,53997
O00415,C086,2026-01-25,Completed,103993
O00416,C008,2026-08-04,Completed,20494
O00417,C051,2026-08-20,Cancelled,26997
O00418,C067,2026-07-24,Completed,36997
O00419,C022,2026-02-24,Completed,50496
O00420,C056,2026-02-21,Returned,53495
O00421,C009,2026-01-23,Completed,109691
O00422,C076,2026-05-14,Completed,10999
O00423,C019,2026-05-26,Completed,17997
O00424,C100,2026-01-26,Completed,49892
O00425,C078,2026-05-02,Completed,131991
O00426,C052,2026-01-10,Completed,97993
O00427,C048,2026-01-06,Completed,90493
O00428,C030,2026-02-04,Completed,83291
O00429,C025,2026-04-24,Completed,137993
O00430,C009,2026-03-21,Completed,28196
O00431,C008,2026-03-05,Completed,2097
O00432,C026,2026-03-12,Completed,43493
O00433,C063,2026-06-02,Completed,21191
O00434,C037,2026-01-08,Completed,2198
O00435,C083,2026-02-27,Completed,49995
O00436,C061,2026-08-22,Completed,26997
O00437,C078,2026-07-26,Returned,35395
O00438,C060,2026-03-19,Completed,70489
O00439,C077,2026-06-05,Completed,7999
O00440,C044,2026-03-12,Completed,38994
O00441,C020,2026-05-13,Completed,33998
O00442,C085,2026-03-23,Completed,15998
O00443,C038,2026-03-08,Cancelled,33891
O00444,C093,2026-07-02,Completed,33392
O00445,C038,2026-01-25,Completed,72794
O00446,C084,2026-01-23,Completed,15996
O00447,C048,2026-03-08,Completed,75990
O00448,C061,2026-08-16,Completed,2198
O00449,C068,2026-03-18,Completed,67996
O00450,C073,2026-08-17,Cancelled,39392
O00451,C023,2026-03-22,Completed,25998
O00452,C027,2026-07-14,Completed,52998
O00453,C079,2026-04-22,Completed,56292
O00454,C048,2026-01-04,Cancelled,10296
O00455,C094,2026-03-05,Completed,58992
O00456,C040,2026-02-12,Completed,4998
O00457,C059,2026-07-06,Completed,58194
O00458,C097,2026-02-18,Completed,95992
O00459,C065,2026-02-13,Completed,3897
O00460,C033,2026-07-17,Completed,16999
O00461,C085,2026-01-28,Completed,38997
O00462,C015,2026-04-17,Completed,3198
O00463,C061,2026-06-29,Completed,4998
O00464,C085,2026-01-26,Completed,71996
O00465,C066,2026-07-04,Completed,44495
O00466,C100,2026-03-09,Cancelled,8596
O00467,C021,2026-01-11,Completed,45997
O00468,C001,2026-01-04,Completed,3897
O00469,C064,2026-02-08,Returned,23997
O00470,C013,2026-08-20,Completed,37996
O00471,C007,2026-01-26,Completed,7998
O00472,C087,2026-03-22,Completed,5999
O00473,C002,2026-08-07,Completed,24395
O00474,C035,2026-08-13,Completed,32594
O00475,C035,2026-08-02,Completed,47492
O00476,C021,2026-01-27,Completed,37490
O00477,C004,2026-08-09,Completed,53997
O00478,C057,2026-01-12,Completed,28791
O00479,C093,2026-05-25,Completed,108994
O00480,C094,2026-03-05,Completed,80792
O00481,C061,2026-08-07,Completed,77996
O00482,C031,2026-03-26,Returned,8999
O00483,C071,2026-06-14,Completed,48995
O00484,C058,2026-01-23,Cancelled,50993
O00485,C053,2026-01-10,Completed,5997
O00486,C080,2026-06-13,Completed,18996
O00487,C047,2026-07-31,Completed,77994
O00488,C077,2026-05-02,Completed,45995
O00489,C001,2026-03-29,Completed,19495
O00490,C022,2026-05-07,Completed,72495
O00491,C059,2026-07-31,Completed,128993
O00492,C076,2026-02-01,Completed,50493
O00493,C095,2026-01-13,Completed,57392
O00494,C094,2026-07-28,Completed,77490
O00495,C098,2026-03-05,Completed,65994
O00496,C090,2026-08-15,Completed,75291
O00497,C081,2026-02-25,Completed,17693
O00498,C065,2026-05-19,Completed,77493
O00499,C075,2026-05-27,Returned,14693
O00500,C004,2026-04-08,Completed,43998
O00501,C097,2026-07-21,Completed,56594
O00502,C027,2026-07-12,Completed,113991
O00503,C029,2026-07-10,Completed,76491
O00504,C050,2026-04-17,Returned,35794
O00505,C080,2026-08-11,Completed,71989
O00506,C078,2026-02-20,Completed,42996
O00507,C010,2026-02-17,Returned,1299
O00508,C055,2026-03-13,Completed,11497
O00509,C043,2026-04-30,Completed,58995
O00510,C007,2026-07-18,Returned,52094
O00511,C041,2026-05-15,Completed,50996
O00512,C054,2026-05-20,Completed,799
O00513,C028,2026-06-19,Completed,97492
O00514,C072,2026-07-30,Completed,10497
O00515,C045,2026-04-25,Completed,7196
O00516,C015,2026-04-09,Completed,58692
O00517,C058,2026-05-05,Completed,13498
O00518,C022,2026-07-17,Completed,2499
O00519,C027,2026-06-21,Completed,17098
O00520,C069,2026-08-01,Completed,31293
O00521,C043,2026-01-10,Completed,3598
O00522,C072,2026-01-19,Completed,34996
O00523,C081,2026-04-14,Completed,3897
O00524,C016,2026-05-17,Completed,89997
O00525,C075,2026-01-12,Completed,2397
O00526,C014,2026-03-16,Completed,45994
O00527,C085,2026-01-08,Completed,40495
O00528,C038,2026-06-12,Completed,24597
O00529,C074,2026-06-02,Completed,2499
O00530,C096,2026-07-09,Cancelled,44495
O00531,C024,2026-02-26,Completed,78293
O00532,C097,2026-08-27,Returned,47593
O00533,C026,2026-07-05,Completed,15895
O00534,C037,2026-06-08,Completed,54996
O00535,C079,2026-06-18,Completed,3996
O00536,C022,2026-01-02,Completed,21495
O00537,C036,2026-08-04,Completed,71994
O00538,C071,2026-01-28,Completed,19999
O00539,C069,2026-02-20,Completed,7999
O00540,C003,2026-08-06,Completed,16497
O00541,C052,2026-07-16,Completed,3198
O00542,C070,2026-08-17,Returned,72991
O00543,C038,2026-02-04,Completed,13998
O00544,C065,2026-01-03,Completed,47997
O00545,C021,2026-02-15,Completed,26996
O00546,C006,2026-02-26,Completed,24497
O00547,C006,2026-06-21,Completed,54295
O00548,C042,2026-01-27,Completed,41493
O00549,C049,2026-06-17,Completed,27998
O00550,C049,2026-08-21,Completed,111793
O00551,C022,2026-02-28,Completed,49894
O00552,C092,2026-07-29,Completed,43996
O00553,C062,2026-06-22,Completed,22495
O00554,C003,2026-03-04,Completed,38496
O00555,C074,2026-02-07,Completed,68391
O00556,C003,2026-08-13,Completed,48993
O00557,C022,2026-02-26,Cancelled,8196
O00558,C085,2026-05-11,Completed,42996
O00559,C050,2026-02-03,Completed,59995
O00560,C020,2026-06-05,Completed,78493
O00561,C085,2026-02-03,Cancelled,2697
O00562,C084,2026-04-21,Completed,51995
O00563,C099,2026-04-08,Completed,15999
O00564,C033,2026-05-03,Completed,11997
O00565,C070,2026-04-15,Completed,10497
O00566,C001,2026-05-28,Completed,3897
O00567,C027,2026-06-26,Completed,88090
O00568,C069,2026-04-19,Completed,105094
O00569,C072,2026-05-04,Completed,29191
O00570,C085,2026-01-31,Completed,100490
O00571,C079,2026-06-28,Completed,5998
O00572,C082,2026-01-02,Completed,32997
O00573,C009,2026-03-09,Completed,16999
O00574,C093,2026-04-09,Returned,98992
O00575,C082,2026-05-07,Completed,16997
O00576,C005,2026-07-20,Completed,59996
O00577,C047,2026-03-03,Completed,43996
O00578,C086,2026-04-12,Completed,56994
O00579,C009,2026-08-24,Completed,30194
O00580,C029,2026-06-05,Returned,31093
O00581,C072,2026-01-19,Completed,50492
O00582,C089,2026-04-24,Returned,117290
O00583,C004,2026-05-04,Completed,3897
O00584,C029,2026-06-23,Completed,75793
O00585,C034,2026-03-05,Completed,48792
O00586,C046,2026-02-25,Cancelled,16094
O00587,C026,2026-03-02,Completed,97494
O00588,C020,2026-07-19,Completed,3297
O00589,C064,2026-06-07,Completed,15998
O00590,C080,2026-03-22,Completed,132593
O00591,C029,2026-07-12,Completed,27998
O00592,C062,2026-08-29,Completed,10096
O00593,C090,2026-05-13,Completed,14997
O00594,C027,2026-04-08,Completed,70694
O00595,C031,2026-03-10,Completed,49195
O00596,C090,2026-07-12,Completed,65692
O00597,C013,2026-07-04,Completed,19197
O00598,C019,2026-07-24,Returned,17997
O00599,C064,2026-02-04,Returned,82993
O00600,C051,2026-01-26,Completed,16998
O00601,C061,2026-08-03,Completed,64890
O00602,C045,2026-01-06,Completed,120291
O00603,C084,2026-05-18,Completed,14692
O00604,C058,2026-08-16,Completed,58494
O00605,C054,2026-06-11,Completed,51992
O00606,C038,2026-07-01,Completed,103089
O00607,C053,2026-02-12,Completed,35997
O00608,C031,2026-06-19,Completed,8499
O00609,C051,2026-01-27,Completed,50093
O00610,C034,2026-06-08,Completed,62992
O00611,C017,2026-05-15,Cancelled,7497
O00612,C046,2026-08-09,Cancelled,95791
O00613,C023,2026-06-01,Completed,38492
O00614,C012,2026-04-24,Completed,72993
O00615,C037,2026-05-01,Completed,88492
O00616,C001,2026-05-21,Completed,93090
O00617,C050,2026-08-01,Completed,57493
O00618,C089,2026-06-25,Completed,50996
O00619,C015,2026-06-13,Completed,99995
O00620,C007,2026-05-17,Completed,7998
O00621,C017,2026-07-03,Completed,14999
O00622,C020,2026-01-04,Completed,95993
O00623,C005,2026-03-26,Completed,45997
O00624,C070,2026-05-01,Completed,15894
O00625,C099,2026-04-24,Completed,43998
O00626,C095,2026-07-17,Completed,26595
O00627,C042,2026-02-10,Completed,16497
O00628,C067,2026-02-01,Completed,79695
O00629,C031,2026-06-12,Completed,5998
O00630,C075,2026-01-31,Completed,22494
O00631,C061,2026-06-26,Completed,12396
O00632,C088,2026-06-08,Completed,25998
O00633,C083,2026-02-09,Completed,23998
O00634,C030,2026-03-23,Returned,80994
O00635,C046,2026-07-05,Completed,68997
O00636,C057,2026-05-24,Completed,53991
O00637,C036,2026-08-11,Cancelled,36997
O00638,C038,2026-07-29,Completed,61792
O00639,C094,2026-02-17,Cancelled,66294
O00640,C085,2026-05-18,Completed,31295
O00641,C020,2026-06-06,Completed,46992
O00642,C017,2026-02-15,Cancelled,28998
O00643,C005,2026-05-27,Completed,120491
O00644,C047,2026-02-26,Completed,4999
O00645,C084,2026-05-06,Returned,44997
O00646,C008,2026-04-03,Completed,81891
O00647,C010,2026-08-02,Completed,31996
O00648,C030,2026-05-17,Completed,18496
O00649,C081,2026-08-31,Completed,36190
O00650,C090,2026-06-20,Completed,2999
O00651,C071,2026-04-13,Completed,35996
O00652,C041,2026-05-21,Returned,114092
O00653,C042,2026-06-05,Completed,6594
O00654,C033,2026-04-03,Returned,44491
O00655,C018,2026-08-16,Completed,49494
O00656,C071,2026-05-11,Completed,16996
O00657,C020,2026-02-05,Completed,36497
O00658,C074,2026-04-13,Completed,41995
O00659,C062,2026-02-14,Completed,50997
O00660,C039,2026-01-10,Completed,42793
O00661,C099,2026-02-28,Completed,7497
O00662,C049,2026-01-14,Completed,13497
O00663,C073,2026-02-08,Completed,92994
O00664,C051,2026-04-25,Completed,29998
O00665,C038,2026-07-21,Completed,27995
O00666,C096,2026-01-13,Completed,33994
O00667,C098,2026-02-04,Completed,89994
O00668,C026,2026-05-24,Completed,32996
O00669,C042,2026-06-25,Returned,10497
O00670,C053,2026-04-19,Completed,15894
O00671,C004,2026-07-17,Completed,68996
O00672,C026,2026-06-25,Completed,10497
O00673,C007,2026-03-04,Returned,22995
O00674,C015,2026-03-20,Completed,10999
O00675,C095,2026-05-18,Completed,69793
O00676,C090,2026-06-21,Completed,6499
O00677,C008,2026-03-14,Completed,43996
O00678,C085,2026-03-11,Completed,35994
O00679,C049,2026-05-11,Returned,8998
O00680,C077,2026-05-17,Completed,71994
O00681,C003,2026-01-11,Completed,62995
O00682,C045,2026-06-25,Completed,74494
O00683,C050,2026-08-16,Returned,3198
O00684,C029,2026-02-08,Completed,68989
O00685,C081,2026-06-25,Completed,38596
O00686,C078,2026-03-26,Completed,32496
O00687,C070,2026-06-25,Completed,64494
O00688,C018,2026-04-21,Returned,10597
O00689,C009,2026-05-23,Completed,3598
O00690,C019,2026-07-06,Completed,79491
O00691,C036,2026-02-08,Completed,11999
O00692,C004,2026-07-15,Returned,39895
O00693,C030,2026-06-25,Completed,37998
O00694,C018,2026-05-09,Cancelled,26193
O00695,C021,2026-02-19,Completed,115992
O00696,C097,2026-02-22,Completed,107993
O00697,C100,2026-01-11,Completed,115488
O00698,C068,2026-06-14,Cancelled,13999
O00699,C058,2026-04-27,Cancelled,22497
O00700,C069,2026-04-12,Returned,3198
O00701,C067,2026-07-15,Completed,43998
O00702,C057,2026-04-12,Cancelled,54994
O00703,C089,2026-05-13,Cancelled,62992
O00704,C090,2026-05-20,Completed,70791
O00705,C059,2026-01-24,Completed,11498
O00706,C015,2026-06-30,Completed,56492
O00707,C079,2026-02-10,Completed,24192
O00708,C019,2026-02-15,Completed,21998
O00709,C040,2026-07-06,Completed,18794
O00710,C098,2026-03-06,Completed,102993
O00711,C085,2026-05-02,Completed,77489
O00712,C072,2026-07-29,Cancelled,1799
O00713,C008,2026-06-17,Completed,11994
O00714,C039,2026-03-26,Returned,11998
O00715,C023,2026-02-11,Completed,55995
O00716,C005,2026-01-24,Completed,14294
O00717,C038,2026-05-01,Completed,79993
O00718,C027,2026-06-06,Completed,23997
O00719,C089,2026-06-04,Returned,96492
O00720,C080,2026-04-01,Returned,66493
O00721,C091,2026-03-16,Returned,3499
O00722,C060,2026-06-10,Completed,48997
O00723,C043,2026-03-31,Completed,12496
O00724,C037,2026-03-07,Completed,15596
O00725,C088,2026-03-27,Completed,1799
O00726,C043,2026-08-02,Completed,66492
O00727,C069,2026-08-18,Completed,102489
O00728,C072,2026-05-18,Completed,46595
O00729,C049,2026-06-10,Completed,19597
O00730,C077,2026-01-30,Cancelled,18495
O00731,C064,2026-08-13,Completed,35295
O00732,C012,2026-04-24,Completed,159990
O00733,C100,2026-03-25,Completed,41997
O00734,C017,2026-02-22,Completed,32793
O00735,C077,2026-08-12,Completed,54391
O00736,C074,2026-07-14,Completed,48497
O00737,C036,2026-05-17,Completed,46495
O00738,C080,2026-05-24,Completed,4595
O00739,C035,2026-02-06,Returned,25294
O00740,C044,2026-05-19,Completed,28996
O00741,C014,2026-04-09,Completed,87888
O00742,C058,2026-06-07,Completed,106493
O00743,C097,2026-07-15,Completed,22997
O00744,C059,2026-03-21,Completed,100993
O00745,C090,2026-08-23,Completed,67996
O00746,C045,2026-05-03,Completed,10695
O00747,C074,2026-02-02,Completed,30291
O00748,C060,2026-04-13,Completed,64496
O00749,C062,2026-04-09,Completed,48996
O00750,C073,2026-07-21,Completed,6896
O00751,C095,2026-08-27,Completed,70492
O00752,C023,2026-03-20,Returned,16999
O00753,C088,2026-07-28,Completed,36996
O00754,C075,2026-08-20,Completed,29999
O00755,C085,2026-02-08,Completed,22896
O00756,C088,2026-08-13,Completed,27295
O00757,C079,2026-05-11,Completed,46995
O00758,C007,2026-01-01,Completed,32494
O00759,C076,2026-04-11,Completed,28893
O00760,C018,2026-02-18,Completed,54995
O00761,C002,2026-01-19,Completed,69995
O00762,C018,2026-01-22,Completed,145991
O00763,C055,2026-05-22,Cancelled,54791
O00764,C094,2026-03-02,Completed,24296
O00765,C073,2026-05-04,Completed,10998
O00766,C089,2026-01-21,Completed,88993
O00767,C032,2026-05-01,Completed,3297
O00768,C070,2026-07-24,Completed,32997
O00769,C100,2026-01-03,Completed,51593
O00770,C005,2026-06-27,Returned,24894
O00771,C075,2026-02-13,Completed,55995
O00772,C017,2026-05-10,Completed,74994
O00773,C002,2026-07-09,Completed,21996
O00774,C058,2026-04-05,Completed,64495
O00775,C044,2026-01-22,Returned,105996
O00776,C031,2026-06-19,Completed,28095
O00777,C007,2026-06-14,Completed,12999
O00778,C060,2026-04-13,Completed,133990
O00779,C061,2026-03-09,Completed,65889
O00780,C006,2026-01-25,Cancelled,85994
O00781,C035,2026-07-25,Completed,37490
O00782,C099,2026-02-19,Completed,9296
O00783,C002,2026-08-01,Completed,55292
O00784,C033,2026-02-19,Completed,38997
O00785,C085,2026-08-17,Cancelled,3499
O00786,C012,2026-08-08,Completed,56794
O00787,C033,2026-03-17,Completed,4998
O00788,C036,2026-07-16,Completed,13396
O00789,C049,2026-04-10,Completed,12998
O00790,C023,2026-04-23,Completed,39996
O00791,C063,2026-01-28,Completed,95992
O00792,C005,2026-01-19,Completed,35794
O00793,C082,2026-01-01,Returned,145991
O00794,C091,2026-08-29,Completed,45894
O00795,C050,2026-06-26,Completed,14491
O00796,C008,2026-06-11,Returned,2097
O00797,C044,2026-01-21,Cancelled,49594
O00798,C085,2026-02-18,Completed,73092
O00799,C095,2026-02-18,Completed,28996
O00800,C063,2026-04-10,Completed,49996
O00801,C008,2026-03-28,Completed,6999
O00802,C028,2026-07-26,Completed,27794
O00803,C095,2026-02-06,Completed,23997
O00804,C006,2026-03-04,Completed,16796
O00805,C040,2026-07-30,Completed,59993
O00806,C079,2026-02-26,Completed,80994
O00807,C052,2026-03-25,Completed,29996
O00808,C023,2026-03-27,Completed,129994
O00809,C071,2026-02-12,Completed,11999
O00810,C081,2026-06-06,Completed,29998
O00811,C001,2026-02-15,Returned,79894
O00812,C027,2026-02-06,Completed,64892
O00813,C092,2026-05-08,Completed,4998
O00814,C045,2026-04-18,Completed,69496
O00815,C080,2026-04-03,Cancelled,47694
O00816,C027,2026-03-12,Completed,53997
O00817,C061,2026-05-08,Completed,38997
O00818,C047,2026-03-14,Completed,70996
O00819,C095,2026-01-14,Returned,26995
O00820,C015,2026-01-19,Cancelled,73991
O00821,C100,2026-01-29,Completed,22497
O00822,C053,2026-08-11,Completed,42995
O00823,C007,2026-08-16,Completed,48997
O00824,C048,2026-02-04,Completed,5797
O00825,C043,2026-02-02,Completed,19999
O00826,C015,2026-08-07,Completed,151991
O00827,C079,2026-08-20,Completed,27995
O00828,C028,2026-06-01,Completed,104993
O00829,C056,2026-05-29,Completed,7597
O00830,C006,2026-05-01,Completed,47997
O00831,C051,2026-05-03,Completed,25998
O00832,C031,2026-01-22,Completed,56997
O00833,C053,2026-02-25,Completed,29494
O00834,C040,2026-02-11,Completed,29998
O00835,C099,2026-02-05,Cancelled,54990
O00836,C010,2026-04-09,Cancelled,44993
O00837,C079,2026-05-19,Completed,7295
O00838,C095,2026-08-27,Completed,36893
O00839,C006,2026-04-04,Completed,4797
O00840,C100,2026-02-22,Completed,34992
O00841,C097,2026-05-29,Cancelled,40997
O00842,C046,2026-08-18,Completed,86091
O00843,C068,2026-08-01,Completed,96693
O00844,C025,2026-08-17,Cancelled,3998
O00845,C023,2026-03-15,Returned,5999
O00846,C036,2026-01-29,Completed,70492
O00847,C070,2026-08-27,Completed,56994
O00848,C025,2026-01-17,Completed,43996
O00849,C075,2026-03-29,Completed,89991
O00850,C057,2026-04-28,Completed,7997
O00851,C062,2026-04-06,Returned,35998
O00852,C037,2026-04-27,Returned,7997
O00853,C023,2026-08-03,Completed,10498
O00854,C041,2026-05-28,Completed,15993
O00855,C086,2026-03-23,Returned,15096
O00856,C069,2026-03-19,Completed,13998
O00857,C099,2026-02-07,Returned,79992
O00858,C083,2026-06-30,Completed,38393
O00859,C057,2026-03-28,Completed,30794
O00860,C080,2026-08-04,Completed,32493
O00861,C075,2026-05-15,Completed,85992
O00862,C086,2026-01-23,Returned,190490
O00863,C047,2026-04-12,Completed,21992
O00864,C072,2026-01-23,Completed,76491
O00865,C054,2026-02-05,Cancelled,17999
O00866,C039,2026-05-02,Returned,53496
O00867,C053,2026-06-13,Cancelled,25494
O00868,C049,2026-03-16,Completed,7497
O00869,C039,2026-05-07,Completed,112990
O00870,C061,2026-02-01,Completed,61393
O00871,C004,2026-01-31,Completed,78890
O00872,C034,2026-06-10,Completed,2097
O00873,C094,2026-05-28,Completed,39995
O00874,C089,2026-02-04,Completed,39998
O00875,C054,2026-06-12,Cancelled,84993
O00876,C025,2026-07-16,Completed,16999
O00877,C070,2026-03-24,Cancelled,81194
O00878,C069,2026-05-29,Completed,38995
O00879,C048,2026-07-19,Completed,29495
O00880,C025,2026-07-23,Cancelled,21998
O00881,C010,2026-01-30,Completed,15998
O00882,C040,2026-06-26,Completed,129993
O00883,C096,2026-07-28,Completed,74996
O00884,C040,2026-02-02,Completed,47997
O00885,C098,2026-07-20,Completed,1798
O00886,C097,2026-04-21,Completed,7497
O00887,C066,2026-06-01,Completed,6499
O00888,C009,2026-03-19,Completed,10497
O00889,C027,2026-05-31,Cancelled,2298
O00890,C019,2026-08-05,Completed,27891
O00891,C031,2026-05-10,Completed,5499
O00892,C068,2026-02-25,Completed,93995
O00893,C028,2026-08-24,Completed,65693
O00894,C046,2026-04-08,Completed,25497
O00895,C060,2026-01-29,Completed,99592
O00896,C042,2026-05-07,Completed,91993
O00897,C029,2026-05-22,Completed,64293
O00898,C063,2026-06-22,Completed,21694
O00899,C089,2026-06-01,Returned,10397
O00900,C026,2026-06-02,Cancelled,108990
O00901,C076,2026-03-11,Completed,56091
O00902,C019,2026-07-16,Completed,12998
O00903,C064,2026-03-01,Completed,26996
O00904,C009,2026-05-08,Completed,37895
O00905,C020,2026-03-19,Completed,29999
O00906,C085,2026-07-12,Completed,88991
O00907,C070,2026-03-29,Completed,29999
O00908,C056,2026-08-14,Cancelled,63794
O00909,C085,2026-08-09,Completed,54997
O00910,C092,2026-04-10,Completed,3897
O00911,C063,2026-06-18,Completed,35193
O00912,C076,2026-04-07,Completed,18395
O00913,C006,2026-02-02,Cancelled,41493
O00914,C013,2026-04-20,Completed,46795
O00915,C031,2026-06-15,Completed,18999
O00916,C040,2026-01-30,Completed,1998
O00917,C005,2026-04-28,Completed,110291
O00918,C003,2026-03-23,Completed,49392
O00919,C044,2026-05-08,Completed,46495
O00920,C064,2026-06-12,Cancelled,999
O00921,C037,2026-03-09,Completed,113490
O00922,C044,2026-03-11,Completed,85390
O00923,C056,2026-06-19,Completed,42995
O00924,C066,2026-04-27,Completed,28494
O00925,C024,2026-05-28,Completed,107489
O00926,C008,2026-05-14,Completed,64192
O00927,C009,2026-06-12,Completed,78991
O00928,C052,2026-03-03,Completed,28996
O00929,C063,2026-05-24,Returned,46494
O00930,C036,2026-06-18,Completed,15998
O00931,C003,2026-01-15,Cancelled,13497
O00932,C039,2026-08-10,Completed,12594
O00933,C074,2026-07-08,Completed,41997
O00934,C075,2026-07-18,Returned,85994
O00935,C043,2026-08-02,Completed,37496
O00936,C036,2026-04-23,Completed,68997
O00937,C048,2026-06-29,Returned,34994
O00938,C019,2026-04-03,Completed,38493
O00939,C085,2026-07-24,Returned,16196
O00940,C082,2026-06-29,Completed,999
O00941,C057,2026-04-10,Completed,43495
O00942,C057,2026-06-11,Completed,52791
O00943,C043,2026-07-03,Completed,8997
O00944,C034,2026-05-10,Completed,60292
O00945,C098,2026-01-14,Completed,20496
O00946,C001,2026-04-13,Completed,7797
O00947,C067,2026-07-02,Returned,36196
O00948,C058,2026-05-03,Cancelled,24894
O00949,C042,2026-07-24,Completed,21998
O00950,C024,2026-04-11,Cancelled,25794
O00951,C081,2026-02-28,Cancelled,97992
O00952,C077,2026-03-08,Completed,17393
O00953,C056,2026-07-17,Cancelled,59793
O00954,C037,2026-07-11,Completed,56496
O00955,C037,2026-07-06,Completed,64592
O00956,C058,2026-08-21,Completed,70990
O00957,C028,2026-07-02,Completed,71994
O00958,C043,2026-08-27,Completed,55995
O00959,C033,2026-05-10,Completed,12195
O00960,C075,2026-02-15,Completed,106990
O00961,C019,2026-03-08,Completed,23998
O00962,C036,2026-07-11,Completed,125491
O00963,C022,2026-03-22,Completed,129093
O00964,C020,2026-01-14,Completed,15998
O00965,C021,2026-06-30,Completed,22999
O00966,C057,2026-04-02,Returned,52995
O00967,C027,2026-08-11,Completed,37995
O00968,C085,2026-05-30,Completed,41997
O00969,C024,2026-04-17,Returned,25696
O00970,C043,2026-01-07,Completed,13998
O00971,C076,2026-08-26,Returned,62992
O00972,C062,2026-04-27,Completed,50494
O00973,C080,2026-04-26,Completed,51495
O00974,C042,2026-07-24,Completed,4797
O00975,C049,2026-01-24,Completed,15897
O00976,C003,2026-08-07,Completed,29693
O00977,C063,2026-07-25,Completed,65194
O00978,C048,2026-05-12,Completed,42492
O00979,C048,2026-06-07,Completed,53491
O00980,C088,2026-07-02,Completed,50993
O00981,C062,2026-03-18,Completed,8596
O00982,C055,2026-03-17,Completed,7497
O00983,C014,2026-05-11,Completed,44997
O00984,C093,2026-05-26,Completed,26995
O00985,C095,2026-06-19,Completed,11997
O00986,C091,2026-03-18,Completed,94994
O00987,C024,2026-01-21,Completed,25295
O00988,C051,2026-01-30,Completed,125989
O00989,C039,2026-06-08,Completed,46096
O00990,C018,2026-01-04,Completed,18999
O00991,C004,2026-02-23,Completed,38495
O00992,C069,2026-02-18,Completed,62994
O00993,C090,2026-04-24,Returned,64492
O00994,C007,2026-03-27,Completed,129489
O00995,C005,2026-05-05,Completed,88992
O00996,C071,2026-01-17,Completed,133990
O00997,C056,2026-01-06,Completed,16797
O00998,C065,2026-02-26,Completed,40495
O00999,C093,2026-07-02,Completed,27393
O01000,C037,2026-06-26,Completed,67592
O01001,C064,2026-03-19,Completed,13998
O01002,C034,2026-04-02,Completed,13997
O01003,C056,2026-01-30,Completed,1599
O01004,C063,2026-03-08,Returned,9094
O01005,C066,2026-06-04,Completed,25998
O01006,C097,2026-01-29,Returned,1599
O01007,C065,2026-01-27,Completed,16998
O01008,C021,2026-07-06,Completed,123993
O01009,C043,2026-07-29,Completed,23998
O01010,C061,2026-03-29,Completed,63995
O01011,C097,2026-04-17,Completed,113995
O01012,C030,2026-02-05,Completed,66094
O01013,C099,2026-01-03,Completed,3998
O01014,C041,2026-04-13,Returned,44997
O01015,C085,2026-08-25,Completed,7497
O01016,C085,2026-08-13,Completed,56192
O01017,C093,2026-07-10,Completed,76993
O01018,C052,2026-04-25,Completed,35595
O01019,C069,2026-03-27,Completed,28997
O01020,C012,2026-05-11,Completed,41495
O01021,C076,2026-03-08,Completed,64995
O01022,C048,2026-03-08,Completed,83494
O01023,C039,2026-05-27,Completed,88488
O01024,C069,2026-08-05,Completed,23991
O01025,C018,2026-07-02,Completed,31494
O01026,C025,2026-07-30,Completed,49495
O01027,C055,2026-08-16,Completed,52995
O01028,C068,2026-04-14,Completed,97991
O01029,C094,2026-04-17,Cancelled,53995
O01030,C059,2026-02-03,Returned,18999
O01031,C059,2026-05-02,Completed,3696
O01032,C053,2026-01-29,Completed,66495
O01033,C048,2026-03-19,Completed,17999
O01034,C076,2026-04-18,Completed,30794
O01035,C016,2026-05-21,Completed,21998
O01036,C074,2026-03-21,Completed,19895
O01037,C065,2026-06-12,Completed,93991
O01038,C080,2026-04-15,Completed,34490
O01039,C012,2026-08-10,Completed,3897
O01040,C099,2026-07-01,Completed,23997
O01041,C011,2026-02-19,Returned,3897
O01042,C025,2026-07-12,Completed,10497
O01043,C069,2026-02-16,Returned,43994
O01044,C069,2026-06-05,Completed,22999
O01045,C044,2026-04-22,Completed,27998
O01046,C049,2026-03-07,Completed,999
O01047,C037,2026-02-06,Completed,35998
O01048,C053,2026-06-23,Completed,22795
O01049,C013,2026-03-23,Completed,11297
O01050,C097,2026-06-02,Completed,57593
O01051,C071,2026-04-15,Completed,32997
O01052,C030,2026-08-22,Cancelled,10395
O01053,C084,2026-07-21,Completed,46993
O01054,C022,2026-07-20,Completed,62190
O01055,C022,2026-01-01,Completed,94592
O01056,C075,2026-08-04,Completed,8997
O01057,C069,2026-05-25,Completed,20997
O01058,C016,2026-08-01,Completed,121992
O01059,C044,2026-06-12,Completed,63992
O01060,C043,2026-01-05,Cancelled,33995
O01061,C001,2026-08-19,Completed,37794
O01062,C063,2026-07-15,Completed,23997
O01063,C010,2026-05-18,Completed,13192
O01064,C099,2026-07-27,Completed,6998
O01065,C048,2026-08-28,Completed,44997
O01066,C003,2026-07-14,Completed,126992
O01067,C029,2026-03-01,Returned,136491
O01068,C027,2026-01-02,Completed,39893
O01069,C085,2026-07-09,Completed,25496
O01070,C009,2026-02-02,Completed,35997
O01071,C087,2026-01-06,Returned,49294
O01072,C087,2026-08-30,Completed,108993
O01073,C060,2026-05-07,Completed,7999
O01074,C007,2026-03-13,Cancelled,56993
O01075,C095,2026-02-27,Returned,63992
O01076,C081,2026-01-25,Completed,43994
O01077,C031,2026-03-29,Cancelled,82492
O01078,C098,2026-01-25,Completed,1999
O01079,C005,2026-04-07,Completed,11999
O01080,C057,2026-01-15,Completed,61192
O01081,C052,2026-01-25,Completed,89993
O01082,C055,2026-08-14,Completed,32997
O01083,C087,2026-07-20,Completed,45495
O01084,C092,2026-01-18,Completed,39894
O01085,C033,2026-04-01,Completed,40793
O01086,C056,2026-05-12,Returned,9996
O01087,C040,2026-06-04,Completed,62493
O01088,C008,2026-03-02,Completed,31998
O01089,C026,2026-02-21,Completed,41996
O01090,C061,2026-06-27,Completed,132990
O01091,C054,2026-03-26,Completed,80492
O01092,C060,2026-06-09,Completed,19595
O01093,C047,2026-01-03,Completed,1599
O01094,C019,2026-03-16,Completed,38496
O01095,C029,2026-08-15,Completed,12598
O01096,C026,2026-01-06,Completed,23294
O01097,C015,2026-03-28,Returned,53194
O01098,C068,2026-07-24,Returned,69994
O01099,C049,2026-06-27,Completed,122490
O01100,C038,2026-07-22,Completed,28497
O01101,C066,2026-05-30,Cancelled,21995
O01102,C079,2026-01-17,Completed,102692
O01103,C042,2026-07-02,Completed,140489
O01104,C084,2026-01-10,Completed,33497
O01105,C040,2026-04-19,Cancelled,8596
O01106,C018,2026-07-12,Completed,77091
O01107,C044,2026-04-20,Completed,50894
O01108,C057,2026-03-01,Completed,799
O01109,C038,2026-08-04,Completed,19999
O01110,C013,2026-01-31,Completed,999
O01111,C043,2026-02-20,Completed,19394
O01112,C091,2026-06-04,Returned,16794
O01113,C052,2026-07-30,Completed,23997
O01114,C066,2026-07-14,Returned,79991
O01115,C071,2026-07-13,Completed,58992
O01116,C057,2026-04-26,Cancelled,699
O01117,C074,2026-08-12,Completed,68997
O01118,C046,2026-03-28,Completed,109090
O01119,C076,2026-01-06,Completed,11999
O01120,C043,2026-05-26,Completed,45892
O01121,C014,2026-03-26,Completed,18992
O01122,C005,2026-07-31,Completed,48594
O01123,C038,2026-06-18,Completed,52393
O01124,C021,2026-01-29,Completed,25095
O01125,C056,2026-07-29,Completed,37390
O01126,C088,2026-04-28,Completed,35998
O01127,C009,2026-07-31,Completed,63995
O01128,C059,2026-04-29,Completed,11997
O01129,C059,2026-03-30,Completed,34796
O01130,C080,2026-07-07,Completed,63393
O01131,C031,2026-08-15,Cancelled,20493
O01132,C093,2026-07-04,Cancelled,64093
O01133,C099,2026-07-19,Completed,33495
O01134,C082,2026-06-27,Completed,35795
O01135,C033,2026-01-30,Completed,16495
O01136,C063,2026-04-29,Completed,29497
O01137,C036,2026-08-04,Completed,16999
O01138,C023,2026-03-17,Completed,62993
O01139,C057,2026-04-02,Completed,3297
O01140,C028,2026-04-24,Completed,3897
O01141,C040,2026-04-24,Completed,25998
O01142,C099,2026-02-21,Returned,53496
O01143,C002,2026-03-28,Cancelled,14999
O01144,C086,2026-02-12,Completed,32997
O01145,C014,2026-07-28,Completed,73995
O01146,C055,2026-01-31,Completed,1598
O01147,C023,2026-01-04,Completed,19796
O01148,C085,2026-07-28,Completed,48493
O01149,C064,2026-01-27,Completed,31495
O01150,C081,2026-06-28,Completed,38394
O01151,C041,2026-08-06,Completed,10999
O01152,C078,2026-08-22,Completed,65990
O01153,C030,2026-01-06,Completed,2499
O01154,C095,2026-04-20,Completed,12999
O01155,C048,2026-05-08,Completed,12396
O01156,C031,2026-08-25,Completed,115991
O01157,C054,2026-06-15,Completed,44997
O01158,C043,2026-03-29,Completed,1499
O01159,C088,2026-06-28,Completed,74293
O01160,C009,2026-02-19,Completed,20498
O01161,C076,2026-05-21,Cancelled,25497
O01162,C093,2026-04-30,Completed,55496
O01163,C032,2026-03-19,Completed,102493
O01164,C022,2026-05-01,Completed,117993
O01165,C077,2026-05-18,Completed,15596
O01166,C059,2026-03-14,Completed,44495
O01167,C001,2026-01-04,Cancelled,88993
O01168,C050,2026-05-06,Completed,10999
O01169,C016,2026-04-09,Returned,103996
O01170,C099,2026-08-22,Completed,83492
O01171,C090,2026-01-15,Completed,64989
O01172,C004,2026-06-28,Completed,63995
O01173,C019,2026-03-07,Completed,15496
O01174,C092,2026-08-23,Completed,13999
O01175,C055,2026-02-12,Cancelled,82492
O01176,C076,2026-03-20,Completed,17997
O01177,C074,2026-07-18,Completed,36496
O01178,C051,2026-06-28,Completed,27998
O01179,C100,2026-06-28,Completed,43995
O01180,C091,2026-02-04,Completed,28495
O01181,C028,2026-02-17,Completed,103996
O01182,C057,2026-06-10,Cancelled,2499
O01183,C011,2026-03-17,Completed,19999
O01184,C044,2026-01-08,Completed,90095
O01185,C086,2026-05-30,Completed,5999
O01186,C067,2026-07-22,Completed,129993
O01187,C044,2026-04-05,Completed,29893
O01188,C079,2026-01-15,Returned,72992
O01189,C018,2026-01-07,Completed,120493
O01190,C088,2026-06-18,Cancelled,44992
O01191,C006,2026-07-26,Completed,132991
O01192,C055,2026-08-29,Returned,66992
O01193,C092,2026-02-06,Cancelled,23998
O01194,C012,2026-03-19,Cancelled,59492
O01195,C028,2026-02-13,Completed,11998
O01196,C092,2026-01-08,Completed,43994
O01197,C086,2026-05-02,Returned,1499
O01198,C069,2026-06-12,Completed,37998
O01199,C029,2026-08-27,Completed,15998
O01200,C049,2026-08-22,Completed,57194
O01201,C012,2026-01-29,Completed,23495
O01202,C017,2026-08-07,Completed,35292
O01203,C050,2026-04-19,Completed,81291
O01204,C029,2026-01-28,Completed,85992
O01205,C077,2026-03-14,Completed,33998
O01206,C040,2026-05-09,Returned,59997
O01207,C074,2026-05-03,Completed,76995
O01208,C008,2026-07-27,Completed,68994
O01209,C007,2026-08-25,Cancelled,61996
O01210,C085,2026-08-22,Cancelled,3198
O01211,C044,2026-04-19,Completed,128992
O01212,C037,2026-06-28,Returned,103491
O01213,C059,2026-06-17,Completed,63996
O01214,C019,2026-02-23,Completed,21497
O01215,C093,2026-08-08,Completed,19896
O01216,C008,2026-01-25,Completed,59890
O01217,C020,2026-06-10,Completed,9497
O01218,C063,2026-03-19,Completed,32495
O01219,C086,2026-06-18,Completed,69092
O01220,C016,2026-01-30,Completed,84490
O01221,C062,2026-03-12,Completed,5499
O01222,C050,2026-05-04,Returned,60291
O01223,C024,2026-04-14,Completed,20997
O01224,C069,2026-07-20,Completed,75492
O01225,C085,2026-08-18,Completed,13196
O01226,C016,2026-01-11,Completed,16996
O01227,C033,2026-08-06,Completed,10497
O01228,C039,2026-04-04,Returned,17498
O01229,C039,2026-01-12,Returned,30494
O01230,C089,2026-03-22,Completed,28995
O01231,C085,2026-07-29,Completed,21999
O01232,C039,2026-08-08,Cancelled,21796
O01233,C046,2026-03-13,Completed,44192
O01234,C011,2026-08-30,Completed,92991
O01235,C082,2026-06-28,Completed,16393
O01236,C054,2026-07-30,Completed,54793
O01237,C015,2026-06-25,Completed,32997
O01238,C012,2026-04-03,Cancelled,72996
O01239,C029,2026-04-07,Returned,5397
O01240,C094,2026-08-13,Completed,86390
O01241,C078,2026-01-26,Cancelled,38997
O01242,C045,2026-07-26,Completed,79990
O01243,C020,2026-06-18,Completed,99389
O01244,C100,2026-03-05,Completed,68391
O01245,C036,2026-04-20,Completed,7497
O01246,C053,2026-07-17,Completed,2499
O01247,C010,2026-07-06,Completed,8997
O01248,C008,2026-01-22,Completed,51192
O01249,C066,2026-06-25,Returned,6999
O01250,C079,2026-02-18,Cancelled,6998
O01251,C090,2026-05-17,Completed,20994
O01252,C078,2026-01-11,Completed,33296
O01253,C023,2026-01-20,Completed,10597
O01254,C064,2026-04-08,Completed,32997
O01255,C032,2026-08-01,Completed,7998
O01256,C062,2026-03-17,Completed,16497
O01257,C073,2026-04-11,Completed,47993
O01258,C008,2026-04-02,Completed,24393
O01259,C052,2026-04-01,Completed,108993
O01260,C063,2026-01-02,Completed,59994
O01261,C055,2026-08-17,Completed,26496
O01262,C046,2026-07-11,Completed,50996
O01263,C018,2026-04-12,Completed,12994
O01264,C035,2026-01-31,Completed,62189
O01265,C050,2026-02-03,Completed,6999
O01266,C020,2026-03-30,Completed,28196
O01267,C077,2026-07-08,Completed,66993
O01268,C094,2026-05-11,Completed,25693
O01269,C055,2026-02-20,Completed,56997
O01270,C065,2026-06-06,Completed,21997
O01271,C005,2026-03-12,Returned,54996
O01272,C012,2026-08-10,Completed,59494
O01273,C062,2026-01-16,Completed,2499
O01274,C035,2026-04-04,Completed,25496
O01275,C006,2026-01-01,Completed,36994
O01276,C056,2026-02-17,Completed,46692
O01277,C071,2026-07-17,Cancelled,21291
O01278,C048,2026-03-02,Completed,6798
O01279,C017,2026-06-11,Completed,7497
O01280,C084,2026-07-29,Completed,70991
O01281,C098,2026-02-21,Completed,26497
O01282,C071,2026-07-02,Completed,20094
O01283,C009,2026-05-04,Completed,8997
O01284,C036,2026-06-28,Returned,47793
O01285,C051,2026-05-07,Completed,5998
O01286,C097,2026-05-11,Completed,69494
O01287,C028,2026-06-01,Completed,60993
O01288,C091,2026-03-10,Completed,47496
O01289,C038,2026-01-11,Completed,68995
O01290,C069,2026-01-30,Completed,24094
O01291,C071,2026-03-09,Completed,82993
O01292,C094,2026-03-13,Completed,2997
O01293,C100,2026-08-29,Completed,23997
O01294,C089,2026-04-08,Returned,38096
O01295,C042,2026-03-10,Completed,117992
O01296,C062,2026-01-24,Completed,77291
O01297,C003,2026-03-21,Completed,22096
O01298,C009,2026-02-06,Completed,37997
O01299,C093,2026-05-15,Completed,16999
O01300,C049,2026-04-09,Completed,89997
O01301,C006,2026-02-03,Completed,19999
O01302,C081,2026-06-03,Completed,17997
O01303,C095,2026-07-29,Completed,21999
O01304,C062,2026-07-14,Completed,40494
O01305,C089,2026-03-10,Completed,6999
O01306,C014,2026-05-20,Completed,64994
O01307,C046,2026-06-17,Completed,31096
O01308,C037,2026-04-02,Completed,7595
O01309,C023,2026-04-20,Completed,49096
O01310,C088,2026-03-19,Completed,59593
O01311,C034,2026-07-27,Cancelled,4999
O01312,C100,2026-06-17,Completed,29895
O01313,C009,2026-01-29,Completed,28996
O01314,C046,2026-03-23,Completed,102493
O01315,C050,2026-04-18,Completed,56589
O01316,C074,2026-07-18,Completed,22997
O01317,C001,2026-02-22,Returned,2097
O01318,C061,2026-02-04,Returned,1598
O01319,C100,2026-07-29,Completed,53094
O01320,C018,2026-01-31,Returned,25296
O01321,C055,2026-04-06,Completed,4497
O01322,C010,2026-05-03,Cancelled,31997
O01323,C011,2026-03-04,Completed,113390
O01324,C090,2026-08-31,Completed,68993
O01325,C020,2026-01-16,Cancelled,16999
O01326,C065,2026-02-11,Completed,58990
O01327,C091,2026-02-28,Completed,63995
O01328,C017,2026-07-10,Completed,29998
O01329,C024,2026-07-30,Completed,37998
O01330,C062,2026-03-22,Completed,24292
O01331,C014,2026-01-27,Completed,33495
O01332,C009,2026-02-24,Completed,28596
O01333,C011,2026-05-26,Completed,30993
O01334,C051,2026-05-09,Completed,86792
O01335,C095,2026-05-09,Completed,24996
O01336,C076,2026-08-11,Cancelled,27294
O01337,C012,2026-07-03,Completed,25096
O01338,C021,2026-05-09,Completed,82993
O01339,C056,2026-01-11,Cancelled,123992
O01340,C064,2026-01-25,Completed,5196
O01341,C064,2026-01-25,Completed,9997
O01342,C074,2026-04-04,Completed,5397
O01343,C099,2026-04-28,Completed,91493
O01344,C006,2026-04-04,Cancelled,99290
O01345,C041,2026-04-06,Completed,68592
O01346,C095,2026-07-22,Completed,17999
O01347,C038,2026-04-07,Completed,74592
O01348,C060,2026-06-14,Completed,21594
O01349,C052,2026-03-26,Completed,136992
O01350,C015,2026-03-13,Completed,41996
O01351,C041,2026-05-26,Completed,37696
O01352,C098,2026-06-25,Completed,8296
O01353,C052,2026-01-21,Completed,45995
O01354,C055,2026-03-29,Returned,51594
O01355,C069,2026-06-26,Completed,62992
O01356,C010,2026-07-05,Completed,17994
O01357,C095,2026-07-07,Completed,65996
O01358,C015,2026-07-22,Returned,60992
O01359,C082,2026-05-29,Completed,76995
O01360,C070,2026-07-18,Completed,72492
O01361,C003,2026-03-19,Cancelled,37998
O01362,C084,2026-04-27,Completed,20394
O01363,C023,2026-04-28,Completed,52596
O01364,C056,2026-04-08,Completed,44496
O01365,C084,2026-01-05,Completed,182490
O01366,C057,2026-05-09,Completed,2998
O01367,C054,2026-02-24,Completed,55493
O01368,C053,2026-08-21,Cancelled,74391
O01369,C040,2026-08-03,Cancelled,24596
O01370,C048,2026-08-04,Completed,28894
O01371,C051,2026-02-19,Completed,101591
O01372,C052,2026-08-20,Completed,60996
O01373,C017,2026-05-10,Completed,43095
O01374,C012,2026-01-07,Completed,77994
O01375,C011,2026-05-27,Completed,49995
O01376,C024,2026-03-03,Completed,29496
O01377,C093,2026-07-19,Completed,48793
O01378,C003,2026-06-13,Returned,6998
O01379,C077,2026-02-01,Completed,14095
O01380,C027,2026-04-11,Completed,10999
O01381,C063,2026-06-10,Completed,23795
O01382,C023,2026-06-18,Completed,6998
O01383,C045,2026-05-04,Returned,8997
O01384,C095,2026-03-07,Returned,57996
O01385,C067,2026-05-12,Completed,4198
O01386,C042,2026-02-05,Completed,27998
O01387,C045,2026-07-01,Completed,92493
O01388,C025,2026-03-06,Completed,38494
O01389,C027,2026-07-04,Completed,148491
O01390,C050,2026-04-20,Completed,12896
O01391,C066,2026-03-06,Completed,63995
O01392,C015,2026-02-16,Completed,37192
O01393,C019,2026-07-19,Completed,13497
O01394,C002,2026-07-03,Completed,45092
O01395,C028,2026-05-15,Completed,58993
O01396,C054,2026-06-24,Completed,65995
O01397,C036,2026-04-18,Completed,41993
O01398,C037,2026-01-05,Completed,29998
O01399,C017,2026-08-04,Returned,2997
O01400,C006,2026-03-28,Completed,7999
O01401,C054,2026-07-05,Completed,46394
O01402,C064,2026-06-06,Completed,117994
O01403,C080,2026-01-27,Completed,4999
O01404,C014,2026-03-24,Cancelled,78991
O01405,C089,2026-08-11,Completed,3499
O01406,C039,2026-01-20,Completed,112993
O01407,C041,2026-08-09,Completed,58490
O01408,C062,2026-06-19,Completed,17896
O01409,C034,2026-07-16,Completed,2397
O01410,C032,2026-06-18,Completed,36997
O01411,C008,2026-02-24,Completed,17597
O01412,C014,2026-03-29,Completed,70994
O01413,C065,2026-01-28,Cancelled,5295
O01414,C066,2026-02-21,Completed,37997
O01415,C088,2026-03-20,Returned,35998
O01416,C014,2026-07-10,Completed,14999
O01417,C035,2026-01-08,Completed,22394
O01418,C020,2026-04-12,Completed,58996
O01419,C084,2026-04-08,Completed,100389
O01420,C064,2026-05-13,Completed,7999
O01421,C015,2026-02-26,Completed,2598
O01422,C031,2026-01-17,Completed,120993
O01423,C051,2026-01-26,Completed,48994
O01424,C037,2026-06-30,Completed,5999
O01425,C065,2026-08-21,Completed,74993
O01426,C022,2026-02-17,Completed,55494
O01427,C034,2026-08-14,Completed,33998
O01428,C061,2026-05-30,Completed,11498
O01429,C073,2026-06-24,Returned,22998
O01430,C100,2026-01-25,Completed,105993
O01431,C085,2026-05-05,Completed,30389
O01432,C062,2026-01-29,Completed,35998
O01433,C029,2026-06-18,Returned,112491
O01434,C056,2026-04-03,Completed,43998
O01435,C082,2026-01-28,Returned,47891
O01436,C054,2026-08-30,Returned,84492
O01437,C079,2026-02-01,Completed,18393
O01438,C060,2026-06-24,Completed,25195
O01439,C037,2026-01-17,Completed,14999
O01440,C028,2026-03-14,Cancelled,25998
O01441,C040,2026-01-02,Completed,25998
O01442,C018,2026-03-31,Cancelled,7497
O01443,C094,2026-02-20,Completed,3999
O01444,C005,2026-05-02,Returned,7196
O01445,C052,2026-08-20,Completed,46892
O01446,C042,2026-07-25,Completed,48995
O01447,C026,2026-03-19,Completed,36394
O01448,C056,2026-01-25,Completed,86191
O01449,C055,2026-04-30,Completed,41293
O01450,C039,2026-07-21,Completed,74994
O01451,C097,2026-08-05,Completed,59493
O01452,C008,2026-03-11,Cancelled,32997
O01453,C013,2026-07-30,Completed,139488
O01454,C095,2026-07-03,Completed,95994
O01455,C064,2026-02-04,Completed,12495
O01456,C001,2026-07-26,Completed,12498
O01457,C078,2026-08-14,Completed,7499
O01458,C014,2026-05-02,Completed,45994
O01459,C070,2026-03-08,Cancelled,77994
O01460,C019,2026-07-29,Completed,35994
O01461,C070,2026-02-21,Completed,26993
O01462,C086,2026-03-12,Completed,29998
O01463,C055,2026-02-07,Completed,29391
O01464,C084,2026-08-17,Completed,48092
O01465,C021,2026-04-02,Completed,9395
O01466,C066,2026-01-17,Completed,26394
O01467,C044,2026-04-28,Completed,119995
O01468,C051,2026-01-18,Cancelled,80790
O01469,C100,2026-06-18,Completed,70494
O01470,C045,2026-05-30,Completed,42494
O01471,C014,2026-05-08,Returned,59394
O01472,C094,2026-08-17,Completed,85494
O01473,C057,2026-07-15,Completed,3598
O01474,C014,2026-06-28,Completed,8796
O01475,C026,2026-03-06,Completed,75494
O01476,C025,2026-01-23,Completed,8499
O01477,C018,2026-08-17,Completed,64290
O01478,C083,2026-05-16,Completed,19895
O01479,C046,2026-06-08,Cancelled,56995
O01480,C049,2026-08-12,Completed,35997
O01481,C039,2026-01-26,Completed,72995
O01482,C003,2026-02-27,Cancelled,17796
O01483,C037,2026-01-20,Completed,79995
O01484,C052,2026-06-08,Completed,10998
O01485,C034,2026-06-17,Completed,50496
O01486,C027,2026-05-21,Completed,45996
O01487,C073,2026-08-20,Completed,799
O01488,C054,2026-06-03,Completed,3198
O01489,C017,2026-03-11,Completed,4998
O01490,C065,2026-02-27,Completed,46494
O01491,C078,2026-08-09,Completed,3198
O01492,C007,2026-04-10,Completed,88995
O01493,C018,2026-01-30,Completed,34596
O01494,C030,2026-01-24,Completed,49494
O01495,C006,2026-07-25,Completed,21998
O01496,C057,2026-02-16,Completed,42796
O01497,C078,2026-04-12,Completed,1499
O01498,C010,2026-03-06,Returned,75995
O01499,C029,2026-04-24,Completed,16293
O01500,C035,2026-03-23,Completed,25998
O01501,C053,2026-06-30,Returned,114991
O01502,C071,2026-02-23,Completed,22495
O01503,C084,2026-07-15,Completed,13998
O01504,C005,2026-03-11,Completed,57492
O01505,C049,2026-04-09,Completed,12396
O01506,C056,2026-05-17,Completed,95994
O01507,C097,2026-08-17,Completed,66494
O01508,C080,2026-04-22,Cancelled,17997
O01509,C050,2026-07-04,Returned,95991
O01510,C099,2026-05-13,Completed,72492
O01511,C011,2026-03-05,Completed,28894
O01512,C047,2026-03-10,Completed,6998
O01513,C073,2026-06-19,Completed,42796
O01514,C060,2026-01-10,Returned,37793
O01515,C079,2026-05-22,Completed,12999
O01516,C034,2026-07-16,Completed,95995
O01517,C080,2026-06-17,Completed,7999
O01518,C024,2026-06-25,Completed,28292
O01519,C034,2026-03-07,Completed,11494
O01520,C014,2026-01-20,Completed,8999
O01521,C031,2026-02-22,Completed,43293
O01522,C019,2026-01-07,Completed,59994
O01523,C080,2026-01-08,Completed,3999
O01524,C076,2026-01-07,Completed,40494
O01525,C066,2026-07-20,Completed,28893
O01526,C020,2026-04-08,Completed,8999
O01527,C073,2026-05-09,Returned,73991
O01528,C068,2026-05-14,Completed,28596
O01529,C099,2026-04-03,Completed,69494
O01530,C053,2026-04-03,Completed,2097
O01531,C062,2026-06-04,Completed,56591
O01532,C086,2026-02-05,Completed,26995
O01533,C065,2026-02-07,Completed,16798
O01534,C016,2026-04-18,Completed,55493
O01535,C010,2026-02-03,Completed,83390
O01536,C038,2026-01-31,Completed,75495
O01537,C010,2026-07-09,Returned,69491
O01538,C018,2026-07-07,Completed,17999
O01539,C076,2026-06-01,Completed,59989
O01540,C099,2026-01-25,Completed,103889
O01541,C037,2026-03-24,Completed,61494
O01542,C027,2026-04-21,Completed,14796
O01543,C036,2026-05-05,Completed,18496
O01544,C030,2026-06-20,Completed,25497
O01545,C066,2026-07-13,Completed,2997
O01546,C025,2026-01-02,Completed,699
O01547,C037,2026-08-30,Returned,91992
O01548,C091,2026-08-24,Cancelled,87491
O01549,C015,2026-04-01,Completed,24997
O01550,C065,2026-03-27,Completed,10497
O01551,C041,2026-08-17,Returned,71990
O01552,C005,2026-08-31,Completed,7499
O01553,C076,2026-04-07,Cancelled,46196
O01554,C020,2026-05-05,Completed,113490
O01555,C028,2026-01-01,Completed,48093
O01556,C034,2026-06-07,Completed,7395
O01557,C085,2026-02-16,Cancelled,10996
O01558,C081,2026-04-11,Completed,56992
O01559,C032,2026-06-19,Completed,49496
O01560,C045,2026-06-28,Completed,25795
O01561,C053,2026-06-25,Completed,74494
O01562,C099,2026-03-24,Completed,61994
O01563,C007,2026-03-10,Completed,15997
O01564,C058,2026-04-15,Completed,11496
O01565,C079,2026-06-06,Completed,7999
O01566,C049,2026-01-24,Completed,5095
O01567,C067,2026-02-23,Completed,8995
O01568,C030,2026-03-16,Completed,74493
O01569,C002,2026-01-10,Cancelled,17998
O01570,C063,2026-01-11,Completed,38495
O01571,C035,2026-07-11,Completed,40495
O01572,C065,2026-07-04,Completed,34492
O01573,C076,2026-07-22,Completed,47494
O01574,C036,2026-04-28,Completed,34594
O01575,C012,2026-02-26,Returned,54993
O01576,C049,2026-01-05,Returned,72193
O01577,C004,2026-04-12,Completed,26692
O01578,C081,2026-01-22,Completed,48496
O01579,C011,2026-02-06,Completed,84594
O01580,C053,2026-03-21,Completed,20994
O01581,C077,2026-04-15,Cancelled,163992
O01582,C064,2026-03-22,Returned,43495
O01583,C066,2026-05-23,Cancelled,11998
O01584,C090,2026-01-20,Completed,8997
O01585,C096,2026-02-01,Completed,104991
O01586,C018,2026-07-11,Cancelled,46490
O01587,C035,2026-05-14,Completed,26294
O01588,C088,2026-02-22,Completed,68495
O01589,C043,2026-08-26,Completed,36995
O01590,C002,2026-03-23,Completed,25997
O01591,C090,2026-02-18,Completed,1998
O01592,C043,2026-01-25,Completed,70591
O01593,C081,2026-01-04,Returned,54993
O01594,C080,2026-07-16,Completed,13795
O01595,C076,2026-02-09,Completed,45395
O01596,C014,2026-02-02,Completed,54789
O01597,C086,2026-08-21,Completed,19998
O01598,C079,2026-02-07,Completed,62492
O01599,C086,2026-05-01,Completed,22497
O01600,C051,2026-04-07,Completed,51392
O01601,C022,2026-08-31,Completed,78493
O01602,C089,2026-07-21,Completed,3198
O01603,C084,2026-03-31,Completed,35693
O01604,C028,2026-06-07,Completed,3396
O01605,C002,2026-02-20,Completed,20996
O01606,C013,2026-08-22,Completed,73994
O01607,C036,2026-06-14,Completed,56997
O01608,C033,2026-03-12,Completed,6998
O01609,C078,2026-06-11,Completed,40494
O01610,C014,2026-01-10,Completed,8998
O01611,C011,2026-04-18,Cancelled,25998
O01612,C082,2026-07-01,Completed,1998
O01613,C025,2026-06-17,Completed,32997
O01614,C041,2026-08-18,Completed,42493
O01615,C086,2026-01-16,Completed,27998
O01616,C057,2026-01-12,Completed,46997
O01617,C082,2026-07-11,Cancelled,4998
O01618,C072,2026-03-31,Completed,37296
O01619,C094,2026-01-23,Completed,899
O01620,C002,2026-02-25,Completed,44990
O01621,C097,2026-07-08,Completed,3897
O01622,C037,2026-02-15,Completed,58996
O01623,C038,2026-03-08,Completed,53593
O01624,C099,2026-06-14,Completed,10497
O01625,C069,2026-05-26,Completed,32091
O01626,C071,2026-08-01,Completed,20896
O01627,C060,2026-03-08,Completed,41997
O01628,C081,2026-02-17,Completed,27891
O01629,C042,2026-06-29,Completed,37994
O01630,C083,2026-08-20,Completed,25495
O01631,C057,2026-07-27,Completed,75490
O01632,C044,2026-05-04,Completed,82494
O01633,C055,2026-07-18,Completed,55491
O01634,C068,2026-02-20,Returned,25497
O01635,C012,2026-03-21,Completed,16597
O01636,C059,2026-01-01,Completed,6097
O01637,C024,2026-03-02,Cancelled,62991
O01638,C062,2026-02-10,Completed,62792
O01639,C060,2026-06-30,Completed,1299
O01640,C041,2026-07-15,Returned,25890
O01641,C069,2026-01-19,Completed,44997
O01642,C023,2026-07-16,Completed,69992
O01643,C010,2026-06-15,Completed,68493
O01644,C084,2026-02-16,Completed,8495
O01645,C054,2026-02-15,Completed,14999
O01646,C045,2026-06-25,Completed,68989
O01647,C059,2026-01-03,Completed,80290
O01648,C015,2026-06-04,Completed,47090
O01649,C015,2026-07-21,Completed,34495
O01650,C091,2026-06-01,Completed,66994
O01651,C047,2026-01-13,Cancelled,62494
O01652,C070,2026-03-10,Completed,74993
O01653,C005,2026-06-02,Completed,2997
O01654,C051,2026-03-05,Completed,35997
O01655,C019,2026-06-12,Completed,74393
O01656,C068,2026-05-26,Completed,8998
O01657,C005,2026-02-07,Completed,3897
O01658,C093,2026-01-21,Completed,50994
O01659,C093,2026-06-17,Completed,15999
O01660,C025,2026-05-27,Completed,46995
O01661,C048,2026-05-27,Completed,90691
O01662,C006,2026-06-04,Completed,6197
O01663,C053,2026-02-23,Completed,95491
O01664,C029,2026-02-27,Completed,113992
O01665,C078,2026-07-31,Completed,72992
O01666,C044,2026-03-29,Completed,102492
O01667,C087,2026-04-10,Completed,4497
O01668,C011,2026-06-11,Completed,33993
O01669,C038,2026-07-12,Completed,115491
O01670,C056,2026-04-17,Returned,59998
O01671,C072,2026-07-10,Completed,3297
O01672,C078,2026-08-31,Cancelled,6999
O01673,C028,2026-01-29,Completed,10795
O01674,C071,2026-04-15,Completed,55996
O01675,C099,2026-04-03,Completed,24995
O01676,C097,2026-04-29,Completed,30392
O01677,C084,2026-02-14,Completed,3897
O01678,C084,2026-04-18,Returned,102492
O01679,C065,2026-01-21,Completed,92491
O01680,C088,2026-01-24,Returned,16497
O01681,C084,2026-04-10,Completed,50995
O01682,C031,2026-02-14,Completed,20997
O01683,C004,2026-02-22,Completed,81593
O01684,C083,2026-01-29,Completed,31495
O01685,C096,2026-01-09,Completed,74890
O01686,C016,2026-07-03,Completed,25998
O01687,C093,2026-01-16,Completed,28289
O01688,C084,2026-04-23,Completed,5999
O01689,C034,2026-07-14,Cancelled,7999
O01690,C047,2026-04-16,Completed,23497
O01691,C013,2026-03-26,Completed,44997
O01692,C063,2026-07-12,Completed,67994
O01693,C090,2026-03-08,Completed,29999
O01694,C019,2026-05-14,Completed,5295
O01695,C038,2026-03-20,Returned,7596
O01696,C092,2026-04-23,Completed,24498
O01697,C078,2026-03-16,Cancelled,61494
O01698,C019,2026-05-30,Completed,52993
O01699,C080,2026-08-19,Completed,76492
O01700,C048,2026-04-07,Cancelled,49994
O01701,C086,2026-08-31,Completed,10998
O01702,C036,2026-06-05,Completed,7999
O01703,C046,2026-05-08,Completed,16497
O01704,C030,2026-07-09,Completed,20997
O01705,C013,2026-03-26,Completed,11295
O01706,C058,2026-05-26,Completed,22996
O01707,C084,2026-08-08,Completed,87391
O01708,C025,2026-07-07,Cancelled,35997
O01709,C039,2026-01-16,Completed,76495
O01710,C060,2026-01-26,Completed,13497
O01711,C010,2026-02-20,Completed,69990
O01712,C063,2026-03-18,Completed,60190
O01713,C079,2026-07-13,Completed,12998
O01714,C077,2026-03-11,Completed,48995
O01715,C037,2026-06-15,Completed,92994
O01716,C065,2026-03-21,Completed,29999
O01717,C063,2026-01-02,Completed,67592
O01718,C057,2026-03-29,Completed,22898
O01719,C028,2026-03-20,Completed,58894
O01720,C079,2026-02-23,Completed,10497
O01721,C022,2026-08-07,Completed,50995
O01722,C077,2026-07-21,Completed,50995
O01723,C040,2026-03-27,Completed,75993
O01724,C001,2026-07-15,Returned,21998
O01725,C083,2026-07-26,Completed,52392
O01726,C033,2026-03-17,Cancelled,8998
O01727,C049,2026-03-25,Completed,63495
O01728,C036,2026-01-28,Completed,32995
O01729,C076,2026-05-01,Returned,2697
O01730,C050,2026-06-26,Returned,57495
O01731,C082,2026-03-29,Completed,40494
O01732,C010,2026-03-25,Returned,39593
O01733,C032,2026-03-25,Completed,22795
O01734,C099,2026-07-17,Completed,15995
O01735,C042,2026-04-30,Completed,79193
O01736,C078,2026-07-11,Returned,22996
O01737,C051,2026-07-26,Completed,13999
O01738,C066,2026-04-06,Completed,38491
O01739,C082,2026-01-18,Completed,1599
O01740,C069,2026-02-10,Completed,2598
O01741,C079,2026-06-16,Returned,2697
O01742,C056,2026-07-29,Completed,80492
O01743,C044,2026-04-27,Completed,34593
O01744,C002,2026-02-27,Completed,64494
O01745,C099,2026-03-25,Completed,5695
O01746,C074,2026-02-09,Completed,10998
O01747,C004,2026-05-17,Completed,899
O01748,C070,2026-03-31,Returned,22496
O01749,C021,2026-04-19,Returned,17897
O01750,C018,2026-08-13,Cancelled,47391
O01751,C007,2026-04-25,Completed,19695
O01752,C016,2026-01-24,Returned,2999
O01753,C016,2026-08-29,Completed,20997
O01754,C065,2026-04-03,Completed,14999
O01755,C001,2026-04-08,Completed,14692
O01756,C030,2026-06-29,Completed,65993
O01757,C032,2026-02-15,Completed,67996
O01758,C061,2026-07-15,Completed,13996
O01759,C080,2026-04-17,Cancelled,60893
O01760,C021,2026-01-08,Completed,22893
O01761,C004,2026-07-20,Completed,7999
O01762,C095,2026-08-12,Completed,44390
O01763,C021,2026-01-26,Completed,12998
O01764,C061,2026-04-29,Returned,72992
O01765,C017,2026-03-24,Completed,28995
O01766,C096,2026-08-01,Cancelled,50996
O01767,C019,2026-02-27,Completed,6998
O01768,C037,2026-08-16,Completed,34496
O01769,C085,2026-03-19,Completed,39093
O01770,C048,2026-06-19,Completed,10998
O01771,C081,2026-01-13,Completed,32996
O01772,C031,2026-02-11,Completed,2598
O01773,C062,2026-08-08,Completed,100492
O01774,C096,2026-03-13,Completed,45093
O01775,C059,2026-06-19,Completed,70995
O01776,C083,2026-01-07,Returned,26997
O01777,C016,2026-05-21,Completed,6596
O01778,C071,2026-08-29,Completed,15998
O01779,C088,2026-02-26,Completed,32495
O01780,C077,2026-07-19,Completed,1998
O01781,C070,2026-02-28,Completed,9696
O01782,C022,2026-06-12,Completed,40496
O01783,C079,2026-04-19,Cancelled,54993
O01784,C061,2026-04-30,Completed,61491
O01785,C040,2026-02-23,Returned,25998
O01786,C018,2026-02-06,Completed,67497
O01787,C083,2026-04-18,Completed,8298
O01788,C036,2026-02-05,Cancelled,23997
O01789,C075,2026-08-30,Completed,74995
O01790,C098,2026-03-25,Completed,27998
O01791,C068,2026-01-27,Completed,65990
O01792,C059,2026-02-09,Completed,46394
O01793,C060,2026-04-20,Completed,120992
O01794,C077,2026-08-10,Completed,133991
O01795,C094,2026-03-12,Cancelled,29996
O01796,C013,2026-07-02,Completed,74496
O01797,C056,2026-06-20,Completed,62289
O01798,C006,2026-06-04,Completed,1299
O01799,C016,2026-07-15,Completed,40491
O01800,C074,2026-08-10,Completed,61892
O01801,C024,2026-01-07,Completed,39994
O01802,C033,2026-04-02,Completed,49095
O01803,C059,2026-06-28,Returned,37191
O01804,C042,2026-07-09,Completed,50495
O01805,C079,2026-05-18,Completed,11996
O01806,C012,2026-06-13,Completed,98692
O01807,C045,2026-03-28,Completed,37497
O01808,C075,2026-03-21,Cancelled,36194
O01809,C090,2026-01-20,Completed,10497
O01810,C085,2026-04-14,Cancelled,32495
O01811,C051,2026-02-04,Returned,10998
O01812,C079,2026-05-26,Returned,56495
O01813,C086,2026-03-12,Completed,33998
O01814,C057,2026-06-15,Completed,8998
O01815,C079,2026-05-04,Cancelled,93491
O01816,C081,2026-05-28,Cancelled,32392
O01817,C031,2026-03-23,Completed,18999
O01818,C042,2026-08-09,Cancelled,6498
O01819,C065,2026-07-01,Completed,96992
O01820,C090,2026-06-15,Returned,64996
O01821,C059,2026-06-08,Completed,49591
O01822,C045,2026-05-03,Cancelled,19097
O01823,C093,2026-03-12,Completed,10497
O01824,C063,2026-04-21,Completed,37995
O01825,C040,2026-05-18,Completed,64294
O01826,C099,2026-05-19,Returned,91992
O01827,C016,2026-07-18,Returned,27998
O01828,C094,2026-02-11,Completed,17898
O01829,C004,2026-06-16,Returned,10999
O01830,C013,2026-08-31,Completed,40595
O01831,C040,2026-04-01,Completed,62794
O01832,C045,2026-06-15,Completed,104994
O01833,C078,2026-01-16,Returned,2198
O01834,C013,2026-02-13,Completed,9998
O01835,C050,2026-03-20,Completed,76392
O01836,C024,2026-05-18,Completed,74192
O01837,C023,2026-08-17,Completed,35997
O01838,C080,2026-01-10,Returned,4998
O01839,C014,2026-03-31,Completed,74996
O01840,C020,2026-06-06,Cancelled,23192
O01841,C044,2026-03-05,Completed,67997
O01842,C046,2026-01-16,Cancelled,58492
O01843,C084,2026-03-24,Cancelled,113993
O01844,C098,2026-02-20,Completed,34594
O01845,C042,2026-05-24,Completed,89390
O01846,C006,2026-02-18,Returned,25893
O01847,C041,2026-07-09,Completed,25998
O01848,C050,2026-02-18,Completed,2198
O01849,C095,2026-05-11,Completed,29094
O01850,C006,2026-08-22,Completed,59293
O01851,C027,2026-05-27,Completed,4998
O01852,C027,2026-08-19,Completed,20495
O01853,C030,2026-04-06,Cancelled,110490
O01854,C088,2026-05-27,Completed,49493
O01855,C002,2026-04-17,Cancelled,175891
O01856,C089,2026-04-12,Completed,50494
O01857,C021,2026-08-19,Completed,5397
O01858,C042,2026-02-12,Returned,66193
O01859,C037,2026-03-14,Cancelled,45496
O01860,C072,2026-08-05,Completed,32996
O01861,C014,2026-01-29,Completed,120793
O01862,C048,2026-04-23,Completed,58892
O01863,C041,2026-01-12,Completed,23997
O01864,C060,2026-02-21,Cancelled,13998
O01865,C020,2026-08-31,Completed,14999
O01866,C081,2026-02-19,Completed,100489
O01867,C021,2026-02-06,Completed,23294
O01868,C069,2026-01-05,Completed,20497
O01869,C019,2026-08-19,Completed,8896
O01870,C008,2026-07-28,Completed,44997
O01871,C005,2026-05-25,Completed,15998
O01872,C074,2026-06-15,Completed,59691
O01873,C082,2026-04-27,Completed,30997
O01874,C019,2026-03-15,Completed,14297
O01875,C095,2026-01-06,Completed,88492
O01876,C030,2026-04-13,Completed,63993
O01877,C058,2026-04-24,Returned,30391
O01878,C027,2026-03-04,Completed,69894
O01879,C080,2026-04-04,Cancelled,22894
O01880,C070,2026-06-16,Completed,108491
O01881,C067,2026-04-21,Completed,89091
O01882,C096,2026-06-24,Completed,30996
O01883,C020,2026-04-16,Completed,34996
O01884,C079,2026-08-27,Completed,1099
O01885,C009,2026-01-22,Completed,10999
O01886,C041,2026-08-27,Cancelled,41497
O01887,C009,2026-04-03,Completed,57994
O01888,C038,2026-03-19,Completed,38997
O01889,C069,2026-08-22,Completed,10695
O01890,C036,2026-06-26,Cancelled,6497
O01891,C013,2026-07-13,Completed,22691
O01892,C057,2026-05-30,Completed,64093
O01893,C009,2026-02-15,Completed,40095
O01894,C082,2026-03-24,Completed,2397
O01895,C064,2026-01-05,Completed,51891
O01896,C063,2026-03-23,Cancelled,7999
O01897,C090,2026-03-20,Completed,103491
O01898,C043,2026-05-22,Completed,16497
O01899,C003,2026-03-19,Completed,50291
O01900,C047,2026-07-25,Completed,90490
O01901,C025,2026-05-06,Completed,38997
O01902,C011,2026-07-26,Completed,19497
O01903,C010,2026-02-15,Completed,8798
O01904,C002,2026-07-05,Completed,119992
O01905,C081,2026-08-12,Completed,18999
O01906,C008,2026-06-30,Completed,1799
O01907,C092,2026-01-24,Completed,38496
O01908,C050,2026-03-24,Completed,67995
O01909,C078,2026-06-30,Completed,15696
O01910,C065,2026-01-02,Completed,73494
O01911,C025,2026-06-29,Completed,21999
O01912,C042,2026-07-13,Returned,25995
O01913,C077,2026-04-16,Completed,71494
O01914,C068,2026-01-02,Completed,36997
O01915,C064,2026-03-30,Cancelled,37998
O01916,C011,2026-06-22,Completed,34690
O01917,C088,2026-06-05,Completed,2598
O01918,C094,2026-08-03,Completed,28394
O01919,C041,2026-05-20,Returned,20498
O01920,C089,2026-04-01,Completed,82493
O01921,C054,2026-01-07,Cancelled,25595
O01922,C056,2026-07-22,Completed,23498
O01923,C013,2026-01-05,Completed,30998
O01924,C064,2026-04-11,Completed,156992
O01925,C056,2026-04-22,Returned,25997
O01926,C014,2026-01-18,Returned,91992
O01927,C063,2026-01-04,Returned,29495
O01928,C080,2026-04-20,Completed,39995
O01929,C048,2026-07-26,Completed,2697
O01930,C003,2026-04-25,Completed,29996
O01931,C041,2026-06-12,Cancelled,57093
O01932,C042,2026-07-20,Completed,15996
O01933,C032,2026-05-06,Completed,13497
O01934,C013,2026-04-09,Completed,114992
O01935,C035,2026-01-18,Completed,22696
O01936,C047,2026-08-06,Completed,62491
O01937,C072,2026-02-07,Completed,124493
O01938,C025,2026-08-25,Completed,11997
O01939,C008,2026-07-08,Cancelled,55794
O01940,C034,2026-02-22,Completed,20997
O01941,C083,2026-07-15,Completed,68693
O01942,C072,2026-02-10,Completed,76994
O01943,C078,2026-04-27,Completed,11498
O01944,C042,2026-05-22,Completed,32995
O01945,C004,2026-06-10,Completed,36293
O01946,C037,2026-03-24,Completed,8999
O01947,C093,2026-07-03,Completed,98992
O01948,C012,2026-07-13,Completed,45995
O01949,C052,2026-05-20,Completed,85993
O01950,C021,2026-01-30,Completed,106491
O01951,C004,2026-01-14,Completed,10498
O01952,C098,2026-03-01,Returned,26996
O01953,C097,2026-06-12,Completed,17998
O01954,C064,2026-01-07,Completed,38294
O01955,C075,2026-05-06,Completed,10998
O01956,C066,2026-08-19,Cancelled,92489
O01957,C035,2026-05-23,Completed,113993
O01958,C034,2026-04-11,Completed,110991
O01959,C099,2026-04-14,Completed,4998
O01960,C014,2026-07-10,Returned,155994
O01961,C096,2026-03-18,Cancelled,15996
O01962,C007,2026-06-15,Completed,32996
O01963,C024,2026-08-09,Completed,54392
O01964,C062,2026-05-24,Completed,27998
O01965,C004,2026-06-08,Completed,19999
O01966,C039,2026-04-24,Completed,24997
O01967,C083,2026-02-18,Returned,68994
O01968,C099,2026-01-09,Cancelled,69495
O01969,C096,2026-06-24,Completed,23391
O01970,C089,2026-05-23,Completed,56997
O01971,C062,2026-01-17,Completed,43995
O01972,C049,2026-01-08,Completed,66392
O01973,C099,2026-08-13,Completed,89994
O01974,C035,2026-08-12,Completed,44090
O01975,C030,2026-07-03,Cancelled,7998
O01976,C012,2026-06-03,Completed,17589
O01977,C019,2026-03-24,Completed,36594
O01978,C045,2026-07-16,Completed,37592
O01979,C018,2026-03-27,Returned,48293
O01980,C081,2026-02-07,Completed,37296
O01981,C051,2026-01-21,Cancelled,26997
O01982,C006,2026-05-14,Completed,19497
O01983,C086,2026-08-30,Completed,9196
O01984,C015,2026-03-25,Completed,32794
O01985,C074,2026-03-31,Completed,44997
O01986,C083,2026-04-27,Completed,15496
O01987,C064,2026-02-06,Cancelled,65994
O01988,C082,2026-01-25,Returned,10998
O01989,C024,2026-07-31,Completed,17998
O01990,C058,2026-01-31,Completed,35492
O01991,C044,2026-04-10,Completed,105492
O01992,C076,2026-01-11,Completed,45998
O01993,C045,2026-01-08,Completed,66991
O01994,C080,2026-08-14,Completed,83592
O01995,C012,2026-01-22,Completed,29998
O01996,C096,2026-03-28,Completed,23791
O01997,C053,2026-01-25,Completed,8796
O01998,C057,2026-01-18,Completed,122190
O01999,C033,2026-05-30,Completed,45792
O02000,C055,2026-01-29,Completed,43998
